text,split,source
The only thing I got from college is a caffeine addiction,train,iSarcasmEval
I love it when professors draw a big question mark next to my answer on an exam because I’m always like yeah I don’t either ¯\_(ツ)_/¯,train,iSarcasmEval
Remember the hundred emails from companies when Covid started getting real? I’ve gotten three in regards to support for protests. And only @SavageXFenty shared helpful links and actually said black lives matter... we love capitalism 🥰🙌🏼,train,iSarcasmEval
Today my pop-pop told me I was not “forced” to go to college 🙃 okay sure sureeee,train,iSarcasmEval
"@VolphanCarol @littlewhitty @mysticalmanatee I did too, and I also reported Cancun Cruz not worrying about the heartbeats of his constituents without electricity or heat when he fled to Mexico.",train,iSarcasmEval
"@jimrossignol I choose to interpret it as ""XD"": the universal emoticon for laughing at those poor, poor folks in Ubisoft's marketing department who have to deal with that branding until the servers quietly shut down 8 months after launch.",train,iSarcasmEval
Why would Alexa's recipe for Yorkshire pudding be a bhaji yorkshire pudding ?? @bbcgoodfood,train,iSarcasmEval
someone hit me w a horse tranquilizer istg ive been in a pool of sweat for 6 hours and i havent slept im so tired but i love my friend so much and oh my fucking god i cant rn,train,iSarcasmEval
Loving season 4 of trump does America. Funniest season yet #DonaldTrump #Trump #MAGA #MAGA2020,train,iSarcasmEval
Holly Arnold ??? Who #ImACeleb #MBE nope not sure oh hang on you mean MBE yes that’s her !!!,train,iSarcasmEval
"ANY PENSIONER AND 4 YEAR OLD WHO DARE TAKE ME ON AT DINOSAUR THEMED CRAZY GOLF WILL BE CRUSHED, CRUSHED I TELL YOU. https://t.co/yZlafy0lsd",train,iSarcasmEval
See Brexit is going well,train,iSarcasmEval
Just like to congratulate everyone on the Kop today for the fastest ever Poor Scouser Tommy. Slow the fuck down,train,iSarcasmEval
do i just blast maneskin to get hyped for my osce or??,train,iSarcasmEval
"@heathoween @tylerrjoseph Yes, because we need literally every single fucking celebrity to speak up on a topic that's been forced down everyone's throats for the past four months. I use the internet to get away from these fucking real life problems; not everyone needs to weigh in.",train,iSarcasmEval
"I never thought I'd say this, but I have become one of those people who like bounty bars.",train,iSarcasmEval
My eldest is having a wild Friday night out. She's going to bingo. 😂,train,iSarcasmEval
"Whoever’s toddler ass sprayed the entire toilet backstage, I hope you stub your toe and bite your tongue really hard. also you were clearly dehydrated, go drink some damn water like an adult",train,iSarcasmEval
gaslight gatekeep girl boss,train,iSarcasmEval
I was only in Taylor Swift’s top 0.10% of listeners on Spotify but last year but yeah totally sound that Swiftogeddan in Glasgow is sold out,train,iSarcasmEval
Imagine going to university for 4 years when you could just follow Elon Musk on twitter for free,train,iSarcasmEval
"Not got one lynx Africa for Christmas Day this year, shocked and outraged. #RuinedChristmas",train,iSarcasmEval
The villains in super hero films are awfully polite. They always confine their invasions to being above one particular city,train,iSarcasmEval
Oh my goodness. It’s the first week of the summer holidays and Harrison has found his recorder. Give. Me. Strength.,train,iSarcasmEval
"@AsdaServiceTeam imagine your delivery being 2 hours late, and imagine calling up your service team only for them to hang up at 10pm, coincidentally the same time the office closes. But it’s okay, my £3 delivery fee is being refunded though 👊🏻",train,iSarcasmEval
teams is down what a shame I can’t do my assignments 👉🏽👈🏽,train,iSarcasmEval
@DuncanEdwards03 @PoliticsForAlI Well I doubt they're trying to smash the doors in to change the regulation of cough medicine.,train,iSarcasmEval
Not at all concerning that a man's just been round to fiddle with the boiler and now he's left the carbon monoxide alarm won't stop beeping,train,iSarcasmEval
Not telling anyone how I voted in case it doesn't come true #EUref,train,iSarcasmEval
just wondering how to get my diss down by 1500 words .. such fun,train,iSarcasmEval
It’s been a blissful 2.5 hours of sleep tonight,train,iSarcasmEval
Falling asleep at your laptop is always fun,train,iSarcasmEval
Trying to know all this history tonight is gonna kill me,train,iSarcasmEval
love it when Jonny makes me use earphones to watch something on my phone so he can play fifa,train,iSarcasmEval
Nice to be compared to a brick wall 😂,train,iSarcasmEval
@BellularGaming Blizzard will have to make sure it doesn't exceed the recommended fun level of 10%.,train,iSarcasmEval
if 2020 was a nose it’d be mine 🐦,train,iSarcasmEval
Would anyone like to give me some money? #FinDom,train,iSarcasmEval
Got very excited that my national trust card arrived I am officially a grandma https://t.co/mtkWJCxwom,train,iSarcasmEval
Vaccinated this morning. Not sure it's worked - still committed to Apple and no extra autism detected. Bloody science.,train,iSarcasmEval
ITS COMING HOOOOOME,train,iSarcasmEval
i wish i could tap in to the government bank account🙄🙄🙄,train,iSarcasmEval
90% of adulthood is just refilling your Brita pitcher.,train,iSarcasmEval
"I suppose though, we did sign one for the future so, you know, not all gloom and doom...we might be good in 6 years time.",train,iSarcasmEval
Where is the Chancellor? Please check the back of your sofas.,train,iSarcasmEval
"i have been informed that, as aroace and agender, i have triple visibility and am now visible from space.",train,iSarcasmEval
going to be running on three hours of sleep at work tonight! so excited!!!,train,iSarcasmEval
"@AlexShawESPN @robwishart @GNev2 Does he order 11 at once and drink each one at just over 5 minutes, OR do we have to take into account going to the bar? Either way it’s a disgrace and not what we should be promoting to the kids.",train,iSarcasmEval
i’m now reading 4 books at once what could go wrong 🧡,train,iSarcasmEval
"@ZionWarrior6 I think lunch was ready at the care home, then it was time for nap and then Countdown.",train,iSarcasmEval
@Schlippertysch1 @anon_opin Very good. Just need to work on your spelling now 👍,train,iSarcasmEval
July 1st. Half way point of the year. Well I think we can all agree that 2020 has gone swimmingly so far. Can’t wait for part 2. #murderhornets,train,iSarcasmEval
"Got locked out of Twitter for saying it’s embarrassing to be an arsenal fan. That’s not okay, but people can be abusive and racist and nothing?!? Okay! 🤣🙄",train,iSarcasmEval
I just absolutely LOVE how I've got to work outside for the next 3 days in the heatwave. #sweatingmyballsoff,train,iSarcasmEval
@ThePartridgePod Defrost the freezer with the cast of Hollyoaks. Any of them that wanted an extra fun trip could pop to the recycling centre with some empty pesto jars. Magic.,train,iSarcasmEval
"So, very delayed flight from Bristol to Edinburgh @easyJet, trademark vagueness from staff, with a chronic lack of empathy to boot (despite me travelling with three young children)... now, time to feed our family with £3 vouchers (at airport prices!) #bollocks",train,iSarcasmEval
we need to normalise having absolutely fried bleach damaged hair. people should talk about this,train,iSarcasmEval
"Wizkid is the king, ok lol",train,iSarcasmEval
"Ah yes, it really is wood-burning stoves in sub-Saharan Africa thats driving the climate crisis 🧠 https://t.co/lShlgWYGOX",train,iSarcasmEval
"Started watching house of cards, 4 episodes in. Already I can see it was a good choice😄",train,iSarcasmEval
Social Care for the young is basically a bath board and bed rest and your done.,train,iSarcasmEval
@PONOS_EN Very nice. We're now briefly up to date. Hopefully doesn't take you so long to do the English release of the new pixie after we get 9.10.,train,iSarcasmEval
JUSTICE HAS BEEN DONE.,train,iSarcasmEval
What a Race ! #sarcastic #WTF1 https://t.co/zRtL5alnoT,train,iSarcasmEval
help! i'm being haunted by dead people! (my dissertations),train,iSarcasmEval
my neighbors taunting me outside my office window by chilling in their hot tub every remotely warm day whilst I sit here on back-to-back zooms all day every day. the audacity is astonishing.,train,iSarcasmEval
I've been doing physics for 40 minutes I think I deserve a break 😂😂😂😭 I'm never going to get it all done at this rate,train,iSarcasmEval
Billy Gunn sorta relevant for the first time in years...,train,iSarcasmEval
wish i could understand string theory without knowing math..... alas i guess i am too hot for conceptual physics,train,iSarcasmEval
"So we actually have to do hot girl summer without 1989 Taylor’s version., I’m sick",train,iSarcasmEval
"🌶 Spiced Coconut curry 🥥 . A weekend spent with friends brings a week of content... or something like that 😜 . Started the weekend off with this yummy morsel, With was a fusion of miso sesame aubergine 🍆, broccoli… https://t.co/zyWiA0EX4u",train,iSarcasmEval
considering crowd surfing the next time the hallways are too packed,train,iSarcasmEval
Avoid mass gatherings.. does this mean that I can stay home tomorrow as I work at a school? No I thought not. #schoolclosure,train,iSarcasmEval
You know the wolves match is boring when you're talking with your mate about the best way to wire up his new shed!,train,iSarcasmEval
What a wonderful time to have your AC go out https://t.co/jqjqG1dGOa,train,iSarcasmEval
@WalesOnline Riveting news.,train,iSarcasmEval
"My (extended) fam was discussing going on a trip instead of getting presents for Christmas, like okay I’m bout it... Yeah they were talking about doing to the dells. I’ll take my god damn presents thank you very much",train,iSarcasmEval
okay but like the say so song ain’t that bad. I’m unironically jam to it lmao,train,iSarcasmEval
"if you see me crying in the self-service car wash in my rosati’s uniform, no you didn’t ❤️",train,iSarcasmEval
Tinnitus is my favourite thing ever I love it. So loud so atmospheric https://t.co/mNJw5GvPzy,train,iSarcasmEval
thanks @SovietWomble for ratting my location out on stream and then embarrassing me 😂 it made my day though https://t.co/3b7Cjql2GO,train,iSarcasmEval
love living in a capitalist society where i look forward to getting a surgery where i’m legit GETTING AN INTERNAL BODY PART REMOVED bc it means i’ll get a few days off from work xoxo,train,iSarcasmEval
i love ingesting poison and then wondering why my tummy is rumbling the next morning,train,iSarcasmEval
Beautician and the Beast (1997). Best Timothy Dalton film of all time.,train,iSarcasmEval
"@FeeyaCruz Ahahahaha the Feeya I know and love, miss u 😢",train,iSarcasmEval
absolutely love waking up to the fire alarm at 7 am 😍,train,iSarcasmEval
fully vaxxed feeling very girlboss,train,iSarcasmEval
I feel like with the pandemic and all we should now be allowed to publicly shame babies for just like coughing into the open air you know what I mean,train,iSarcasmEval
"Let me guess, it has to be Charlotte Tilbury makeup. And if by chance you do take it off, use Charlotte Tilbury skincare https://t.co/0c2IfIpy8l",train,iSarcasmEval
The typhoon flew over me today absolutely fuming they forgot to bomb me,train,iSarcasmEval
love getting assignments at 6:25pm on a Friday!!,train,iSarcasmEval
Raging debate on the importance of an Orlando Magic Summer League Championship. Definitely a notch below 6 if decided by coin flip. https://t.co/LG0VRwkrKO,train,iSarcasmEval
@rits_meg @freedomsenpai hot loli,train,iSarcasmEval
Between Mikey cooking and Didi cooking for me I relaxing 😎 cooking?? I don’t know her,train,iSarcasmEval
Ah gotta love that Friday morning burnt out feeling 🌄,train,iSarcasmEval
@PFTompkins Her family should definitely not seek mental health guidance. 😬,train,iSarcasmEval
How I flirt with boys Boy: “Hey I saw you from across the room and had to come over” Me: “Wow you’re super observant. Do you have 20/20 vision?”,train,iSarcasmEval
Been trying to get my boyfriends attention. Let’s see how long it takes for him to see this tweet tho.,train,iSarcasmEval
My work email isn’t working so I can just log off for the day right? 🙄,train,iSarcasmEval
watching olympic womens beach volleyball for the plot,train,iSarcasmEval
there’s no better way to wake up than having one dog jump directly on your stomach and knock the wind out of you while the other drop a dead rodent on the end of the bed. 😑,train,iSarcasmEval
"cold ears? take out one AirPod, leave it by the stove, and forget about it for 20 minutes 🤗",train,iSarcasmEval
Do the #Hokies really have to play 5 against 6 tonight? Come on stripes,train,iSarcasmEval
Fool me once shame on you. Fool me twice shame on me. Fool me multiple times I must have become a brexiter. #Brexit,train,iSarcasmEval
"Lucky for 2nd placed Brentford that there's no stand out team like Leeds this year, or they might have no chance of winning the league. #ncfc",train,iSarcasmEval
how do I get my boyfriend in a maid costume?,train,iSarcasmEval
@DonaldJTrumpJr If only he had a press Corp in the house...oh wait! Shut up Jr! Time to get fitted for those lovely orange jumpsuits! If you can't be orange anymore at least you can wear it!!!,train,iSarcasmEval
Wtf is a Justin Herbert,train,iSarcasmEval
"""He's not welcome in a tolerant place like London"" @emmadentcoad on the Presidential visit on @BBCRadio4 The irony in that comment... #r4bh",train,iSarcasmEval
"I love it when drunk, inconsiderate flatmates come back and start climbing on the roof #istillhaveexams #tryingtosleep",train,iSarcasmEval
thinking about quitting the path im on to become a college advisor so i can be wrong and do nothing for the rest of my life,train,iSarcasmEval
2 busy working 2 care,train,iSarcasmEval
Update: they’ve finally closed the campus which means I wasted my day going in and waiting on lectures 🙃 https://t.co/kBTOqNpX3Z,train,iSarcasmEval
STOP TREATING MARS LIKE A BACK-UP BOYFRIEND JUST FIX YOUR CURRENT RELATIONSHIP WITH EARTH BECAUSE YOU CAN'T LIVE HERE.,train,iSarcasmEval
I just don’t think it’s too much to have a perfect life with absolutely no problems 🤷🏻‍♀️,train,iSarcasmEval
The control button just fell off my laptop. How symbolic for my life.,train,iSarcasmEval
"make it illegal to say/write ""Dems in disarray"" on account of it being stupid as fuck",train,iSarcasmEval
a level tudor history can do one,train,iSarcasmEval
Can't wait until I live to be 110 years old and I have people asking me how I've lived for such a long time so that I can make up some hyper-specific secret to longevity that people will inevitably follow,train,iSarcasmEval
ugh I have to send an email??? how about I just quit!!!!!,train,iSarcasmEval
"Day 3. Luggage arrived, thanks @AirFranceFR. Non random Hungarian underwear. Talk delivered. Science sated. #metaxa http://t.co/6KPjLezQOF",train,iSarcasmEval
went to check out the bios of the (exclusively) hipster dudes that work in a rival boutique goods store and found out they all traveled internationally during the pandemic 🙃🙃🙃,train,iSarcasmEval
So in other news I just held the door open for Bam Adebayo &amp; then I fell down the stairs &amp; I think I broke my finger.. ya I'm THAT smooth,train,iSarcasmEval
I can't believe today is the last day we can be gay.,train,iSarcasmEval
did you actually fly on a plane if you didn’t post a picture of the view from your window?,train,iSarcasmEval
"Seeing as Kanye West has a range of clothing with Gap, how about me and you do a collab @FandFclothing",train,iSarcasmEval
i love jumping on zoom meetings where everyone is talking about their kids &amp; i'm stuffing my face with taco bell,train,iSarcasmEval
it’s always the girls I don’t even know that wanna talk about me 24/7 :) I love my fans :),train,iSarcasmEval
@igreen95 thx for the play by play,train,iSarcasmEval
who thinks me and sam should start a band called 'teeth at midnight' 🦷🌙,train,iSarcasmEval
omg there’s a sheet of ice in front of my school. should I slip and fall?,train,iSarcasmEval
I wish that grilled cheese helped you get that summer bod,train,iSarcasmEval
I called out an insta post for fat shaming and am now being told that making fun of someone having no neck is “not making fun of someone’s appearance” !!! The more you know guys!,train,iSarcasmEval
@andy_mansell72 @VicOtley @garry_whu @NiaAnts @davidschneider Finally someone is speaking up for the billionaires.,train,iSarcasmEval
"@mjborshell @garygilligan Hasn't he opened a few new hospitals? Oh sorry, maybe it was a new first aid box.",train,iSarcasmEval
yeah your girl is fine but does she pass out while giving blood,train,iSarcasmEval
"I recovered a repressed memory today of working at @kumandgo in high school 13 years ago &amp; having to answer the phone as “we go all out at Kum &amp; Go, this is Shelby. How can I help you?” And the prank calls that led to. Pretty sure K&amp;G owe me therapy.",train,iSarcasmEval
Accidentally made a friend in ASL today. I hate when that happens.,train,iSarcasmEval
"@BoardroomBoy Few links for you. To summarise, wearing face masks seems to be more effective than not. Who'da thunk...",train,iSarcasmEval
Kind of rude of my stomach to still make whale noises after I’ve given it a whole protein bar,train,iSarcasmEval
Because of #Trump I now don't have to worry about other countries making fun of me for being fat! 🍩🍫🍰🍕 #Thankstotrump #America,train,iSarcasmEval
Overthinking everything in life really takes a toll on you,train,iSarcasmEval
Man I just love it when I'm forced to pitch two games back to back bc our other pitcher didn't show up,train,iSarcasmEval
I’ve seen a lot of people on local Facebook groups asking AirBnB owners if they have any availability recently. If only there was a website you could use to find out if an AirBnB was available 🤔,train,iSarcasmEval
@SuspendThePres But what were the ratings?? (Replied to his Tweet with the same thing.),train,iSarcasmEval
dont you love it when youre just chilling in your room and then theres a spider and you kill it but when you kill it you spill soda all over your keyboard yeah me too,train,iSarcasmEval
@MollyJongFast I think it should be allowed for customer service workers to squirt water into their face like how they do sometimes to train pets,train,iSarcasmEval
Taxes are just the best and I cannot wait to pay more 😇🥰🥺,train,iSarcasmEval
"Goodness my parents are actually watching something on Apple TV+, brilliant, yet another streaming service! 😪",train,iSarcasmEval
alright I’m ready for some march madness🏀🔥,train,iSarcasmEval
I still can’t believe England won the World Cup,train,iSarcasmEval
dont u just love when u get ready for a cancelled date two hours early . . . yeah i wasnt excited or anything,train,iSarcasmEval
wouldn’t it be cool if i could spontaneously combust,train,iSarcasmEval
Efy is great,train,iSarcasmEval
@sonofsama1 @Santandave1 you’re trash,train,iSarcasmEval
cold queso is so much better than warm queso https://t.co/5TaMe4aSO6,train,iSarcasmEval
Wow it's almost as if it's their literal job to have a lot of knowledge about a wide array of subjects.. Funny that https://t.co/NGi02vXxnK,train,iSarcasmEval
It’s really very selfish of Silverstone to be saying the 2022 Grand Prix is 1/7-3/7 cause my holiday year starts on 1/7 and I would have to use a day of this years holiday allowance to go. I should have been consulted really 😵‍💫😵‍💫😵‍💫,train,iSarcasmEval
"""are you experiencing suicidal or homicidal ideation?"" ""only while trying to talk to a human when I call @Walgreens pharmacy""",train,iSarcasmEval
Just getting some WD40 on my letter box to help the poor postman with his delivery today #valentinesday2021 #WD40,train,iSarcasmEval
"I’m sorry, but if you message me on Instagram wanting me to help you sell your fit tea and wraps, I’m leaving you on read. 🙃",train,iSarcasmEval
wow i love only ever buying gray and striped shirts,train,iSarcasmEval
no more instagram. we must all return to scrapbooks.,train,iSarcasmEval
"Thank you twitter for deciding to completely reset your list of the ""suggested topics to follow"" I've clicked to ignore (all of them), so now I'm back to seeing hundreds of them, every time. Really appreciate you doing that.",train,iSarcasmEval
Thank god I just accidentally snapped a rando guy from high school ‘yas queen’ with acne cream all over my face,train,iSarcasmEval
"I hurt my foot like 3 days ago, I have no idea how, but it hurts to put pressure on it. Love that for me",train,iSarcasmEval
"me: trying to sleep slightly earlier than usual bc I feel like shit my friend, texting the group chat 13 separate times at nearly 4am: hello I don’t think so! how abt I tell u abt how bad things are going instead :)",train,iSarcasmEval
Thank you to my apartment complex for consistently cutting the grass at 8 am every Thursday for ~5 hours. It’s definitely not super obnoxious or bothersome ☺️☺️,train,iSarcasmEval
"5:30 banshee-like kitten zoomies are definitely my all-time favorite alarm clock, and the sound of jewelry boxes flipping over and burnouts on the wood floor make for the calmest, most enjoyable start to any workday.",train,iSarcasmEval
"Sometimes I feel like all this effort is just like sticking diamond encrusted alloys on a knackered Corsa. I mean, shit is what it is at the end of the day.",train,iSarcasmEval
a single man directed by tom ford simultaneously resurrected me from death only to brutally murder me once more.,train,iSarcasmEval
"Hey Siri, how do I stop simping?",train,iSarcasmEval
we love mixed signals🙄,train,iSarcasmEval
Hey does anyone know of any organizations that have massive stockpiles of money that could be super useful to the world during a public crisis?????,train,iSarcasmEval
Wow Bdubs can bench press 150 kilometers,train,iSarcasmEval
"Nothing screams “I’m a glamorous cosmopolitan woman” like following your dog down the street in the midst of winter, saying “go potty! Go POTTY!” over and over again.",train,iSarcasmEval
"Heard a rumor that Baja Blast is coming to stores and regardless if anything else I hope for in life falls through, at least I'll have this.",train,iSarcasmEval
@KhoaVuUmn Reviewer 2: this is a very weak paper that fails proof of concept. Stating a cat bed is also a wizard's hat is totally wrong and your data cannot support this,train,iSarcasmEval
A wrong impression is once again my specialty,train,iSarcasmEval
if trees would simply stop producing flammable leaves climate change would not be an issue,train,iSarcasmEval
haven’t written in months cuz there are no male teachers to impress 😣,train,iSarcasmEval
hey quick question is it fall or spring???,train,iSarcasmEval
when the toilet seat is warmed up for you&gt;&gt;&gt;,train,iSarcasmEval
me and noah forgot that today is our anniversary. if that isn’t couple goals then idk what is 😌,train,iSarcasmEval
I can’t wait to hear more about the life of an upper middle class East Asian American whose only personality trait is drinking boba tea https://t.co/SapbXLd0r2,train,iSarcasmEval
Hey what's the weather like today? Am I going to need an umbrella?,train,iSarcasmEval
trying to figure out how to use notion for my anime list. I think i’m dying,train,iSarcasmEval
Do you think anyone on Bachelor in Paradise has seen Oscar winner Parasite?,train,iSarcasmEval
"""your pronouns are what's in your pants"" ok. juicy/dumper",train,iSarcasmEval
"It’s so amazing how people forget you exist until they want something from you :,)",train,iSarcasmEval
2 things I love: 1. Being woken up by construction work an hour before my alarm. 2. Sarcasm.,train,iSarcasmEval
How bout you dont use a gazillion filters on your pictures,train,iSarcasmEval
"finished the queen's gambit, i loved a look into the 1960s in the american south with no racism just vibes",train,iSarcasmEval
Wow it’s almost like we don’t nap every single day at the exact same time wow how dare I try to do the thing we do every single day!,train,iSarcasmEval
@brruhia Nah bruh you just drinking it upside down 😂,train,iSarcasmEval
@raerenyse Easily one of the worst and most damaging takes for both trans AND cis women I have seen thus far. Congrats on reaching new levels of awful lmao,train,iSarcasmEval
@PoliticalOrgy I thing you might be on to somethink!🙄,train,iSarcasmEval
"Here comes the final of the UK #DailyBriefing - who will win, Johnson or Covid?",train,iSarcasmEval
"""You're not a normal white girl"" lol ok",train,iSarcasmEval
Great time for sim and I to have our weekly life update.... 🌛🌜🐨 (closest thing to an owl) 💤💤💤💤💤😴,train,iSarcasmEval
I love when you go to shop for plus size clothing and it's always just shoved under women's and it doesn't have any subcategories so u just have to wade thru everything like a pig being thrown slop,train,iSarcasmEval
"@richardosman @GMB @susannareid100 @piersmorgan You've a book out? I hadn't realised. Yes, you've already read this 8763 times this week, but hey.",train,iSarcasmEval
Hahahah @LibertyU is shutting down the entire campus for quarantine!! Couldn’t happen to a nicer group of Covid deniers! #CovidIsNotOver #karmaisabitch #Covid_19,train,iSarcasmEval
Brother's off on a night out and I've gone to bed cos I feel exhausted and sick.... excellent 👍🏻,train,iSarcasmEval
“The App Store [is]... an economic miracle” 🙄 but Apple magic not working today at #AntiTrustHearings #Apple stifles innovation that is the lifeblood of our economy. -Lucy McBath speaking some truth today #HouseJudiciary https://t.co/2swhC9daBM,train,iSarcasmEval
I love how they blur out Tristan’s face in this season of the kardashians LMAO like hmmmm I wonder who that mysterious man is,train,iSarcasmEval
In sunny spain at the moment!!! Hows it all in england?,train,iSarcasmEval
my super power is always biting into the sour cream side of the burrito no matter what,train,iSarcasmEval
if you display your pop funkos in the box then you’re a tory,train,iSarcasmEval
#HappyBirthdayKeanuReeves Keanu Reeves is so wholesome ☺️,train,iSarcasmEval
"Don’t worry, 20 something people who follow me here, I brushed my hair for the first time in a week today. I know, impressive.",train,iSarcasmEval
@kmflett And with a plentiful supply of rhubarb.,train,iSarcasmEval
Hearing Kendrick Perkins refer to Alec Burks as Alecs Burk like he’s attorneys general &gt;&gt;&gt;&gt;,train,iSarcasmEval
"Wait didn’t covid go away?? It’s after November third so it definitely should be gone now...wait...I’m confused...121,000 cases in a day? You’re telling me THE WHOLE WORLD didn’t fake a pandemic for the US election? No way...",train,iSarcasmEval
We really need to remind people that universal healthcare means never needing to sit through another annual explanation of benefits meeting,train,iSarcasmEval
wow. i left on time today and the airport connector is all the way backed up. love that,train,iSarcasmEval
maybe i am a cyber bully,train,iSarcasmEval
"""@elliekonsker: FLORIDA YOU LITERALLY HAVE ONE JOB""",train,iSarcasmEval
Andrews really trying to explain to me that football and rupauls drag race aren’t the same thing when it in fact is the same thing.,train,iSarcasmEval
day 5 of people being mad about ellen sitting by gw bush is when we'll finally get to the bottom of this,train,iSarcasmEval
"Cool guy in a big truck honked really long at the garbage truck because it slowed down to turn; I felt he wanted everyone to know how cool he is, so I decided to tweet about it on his behalf.",train,iSarcasmEval
NOT OLIVIA RODRIGO TRAITOR IN THE BACKGROUND #LoveIsland,train,iSarcasmEval
i’ve never had protected sex,train,iSarcasmEval
"Duodenum, Jejunum, and Ilium would be cute names for triplets, don’t @ me",train,iSarcasmEval
Only yelled at one person while biking home this evening. Improvement!,train,iSarcasmEval
".@taylorswift13 is 100% going to post another photo with 5 holes in a fence 5 days before Lover is released, isn’t she?",train,iSarcasmEval
the fact that “breaking: school shootings preventable” was an actual headline on nbc tonight is actually laughable,train,iSarcasmEval
I love when I start choking on my water in my 8 person class,train,iSarcasmEval
Whoop diddy scoop poop,train,iSarcasmEval
@WilliamShatner Mr Shatner whilst you were sleeping you asked me to join Facebook messenger and then after a polite conversation you then offered me gold necklaces and a singed (sic) tee-shirt - you made my Friday night sir... just awaiting your instructions so I can wire the money...,train,iSarcasmEval
is it illegal to discriminate against someone on the basis that they have a joker tattoo,train,iSarcasmEval
it’s been 20 hours and i want another chai latte with pumpkin cold foam i can’t afford this!,train,iSarcasmEval
It would be a real shame if people shared this around and filled it with fake info. People should definitely not do that 😉 https://t.co/Px7dYqjh3I,train,iSarcasmEval
"Well done Henri, cost us the win #nffc",train,iSarcasmEval
I love not being pregnant so much it’s my fave thing about myself,train,iSarcasmEval
@ray_harren @tkinsonn buy really rare pokemon card,train,iSarcasmEval
you like ketchup but not tomatoes??? grow up,train,iSarcasmEval
Big day in the Mumford house #sports day,train,iSarcasmEval
@ShareZone5 @StockpickB You are a right bundle of laughs to take to the pictures Draft!,train,iSarcasmEval
“If I could have changed anything about my childhood I would have never watched spongebob” -no one,train,iSarcasmEval
"#bbcqt It sure would be nice if Ms May decided to answer a question, rather than dance readily around it.",train,iSarcasmEval
Does anyone not know Prince Harry got engaged? I don’t think there’s been enough in the news about it.,train,iSarcasmEval
@sadgirlkali Make your husband agree to let you die first. FUN date topic for discussion,train,iSarcasmEval
im ollie im 5'8 and i think my 5'7 boyfriend is short,train,iSarcasmEval
"Tonight @ dinner I sat by &amp; chatted w/ the former chancellor of Ole Miss, a former Miss MS, &amp; the owner of the Miss America pageant Casual.",train,iSarcasmEval
wow this growth spurt is really taking longer than i thought haha,train,iSarcasmEval
"Quarantine Day 256: Dear Ancient Greeks, re: the blanket-wearing—I get it. #QuarantineLife",train,iSarcasmEval
my bf took my off his lock screen which obvi means he’s cheating on me,train,iSarcasmEval
Gonna go cry now some no face told me to lose weight x,train,iSarcasmEval
'Margaret Thatcher' is trending... has 2016 taken another one?,train,iSarcasmEval
"Hear me out... The lyrics in ""coney island"" should've been ""lost again with no surprises, disappointments close your EYESES"" Fixed it for you @taylorswift13 😉 #evermorealbum @taylornation13",train,iSarcasmEval
"At least half of my days are still bad days and let me tell you, i've never once killed 8 people because of it. A true miracle apparently",train,iSarcasmEval
Of course the moment I front the system is in utter chaos 🥴,train,iSarcasmEval
"Day 38 of quarantine is an interesting time to get a new drum kit, neighbor",train,iSarcasmEval
Hate this site [CHIRPBIRDICON],train,iSarcasmEval
did you know there is a direct correlation with how cool someone is and how high they cuff their pants?,train,iSarcasmEval
@McDonaldsUK Would love a cheeky McDonald’s breakfast before a busy day at work would set the day off on the right foot ! 💓 #FancyAMcDonalds,train,iSarcasmEval
I swear this triller event is run by teenagers,train,iSarcasmEval
What kind of sins have y’all been committing for God to punish us with this kinda weather...,train,iSarcasmEval
I’m really looking forward to not hugging my friends and family through choice rather than by law.,train,iSarcasmEval
Men will literally fake an injury on the football field instead of going to therapy,train,iSarcasmEval
I don't think Republicans have any self awareness or any idea of how the world works... Nice try though.,train,iSarcasmEval
There is not enough people here #ivoryrooms,train,iSarcasmEval
I love online shopping because if I am physically in a store and an employee even looks at me I will immediately leave.,train,iSarcasmEval
WHO LET THE LAUNDRY PILE UP 5 BASKETS. Goodness.,train,iSarcasmEval
Boehner not clapping for gender pay equality. COOL.,train,iSarcasmEval
Drop in Center to let people get the 1st or 2nd Vaccine open today . I went thinking I was able to get my 2nd one . Wait in the que 30 mins .sits down arm ready to get ! Sorry your 12hrs to early !!! We cannot vacinate you till 56 days !!! @NicolaSturgeon #Seriously,train,iSarcasmEval
"""I'm concerned about the environmental impact of my contact lenses,"" says the occasional daily wearer, throwing their Starbucks cup in the test room bin.",train,iSarcasmEval
Shout out James Boswell #unibowl,train,iSarcasmEval
@ThomasCabaret84 @MicrobiomDigest @raoult_didier Surely you’re not suggesting that their own thorough investigation of their own suspected &lt;fraud&gt; (which found no evidence for said &lt;fraud&gt;) was carried out with anything but the very highest levels of integrity? Seems completely legit to me…,train,iSarcasmEval
@xNemoooo @McDonaldsUK @tasshx Say swear you didn’t down all bev’s at Acapulco’s straight after?? 😘,train,iSarcasmEval
I got called ugly on Twitter by an uneducated teen who refuses to show his face:( I’m gonna cry myself to sleep😭 I’m in gut wrenching pain!,train,iSarcasmEval
"@benshapiro it’s true, every time my little cousins put on their masks they choke to death and have to be revived. it’s very stressful for us.",train,iSarcasmEval
Just dislocated my fucking knee again while out on a walk 🙃🙃🙃 FAB,train,iSarcasmEval
Headaches that last all day nonstop🥰😍,train,iSarcasmEval
"Pissed off at @TMobile_USA and just want out of my contract, but I'm sure that would just be way too easy, ugh :(",train,iSarcasmEval
Football is turning into an anatomy lesson. COOL,train,iSarcasmEval
"@BIGRXD12 ah yes, people with eating disorders, famous for easily being able to not worry about their weight",train,iSarcasmEval
As if I didn't know this anyway! I'm an Owl according to the #BBCBodyClock quiz – what are you? https://t.co/vM07K82CTg,train,iSarcasmEval
i would kill a man for a forehead kiss rn,train,iSarcasmEval
Mental shoot out ends. Silent pause. Sirens start 🚨 Always so perfectly timed 🚔🚓👍🏽 #LineOfDuty #LineofDuty6 #LOD6 #LOD,train,iSarcasmEval
Love being called the devil for taking away someone’s phone at summer school🤗🤗🤗,train,iSarcasmEval
everyone pls stop shooting fireworks my dog is scared :(,train,iSarcasmEval
I love days when Rob works short call and is only at the hospital for *checks watch* 13 hours.,train,iSarcasmEval
@tedcruz @Dream worst timeline,train,iSarcasmEval
@BBCAMERICA Thanks for disrupting your narrative continuity with commercial break previews. #SpoilerAlert,train,iSarcasmEval
"i love how i literally just finished watching the fifth hp film and then turned to my mum and said ""love a good bit of character death on a sunday :)"" the dsmp lore has utterly ruined my attachment to characters and how i see stories now. i am a broken woman.",train,iSarcasmEval
i went outside today and suddenly my depression is cured,train,iSarcasmEval
Can’t wait to be back at uni so I can order more shoes and clothes without my mum telling me off x,train,iSarcasmEval
love when the train stops in philly and everybody boards and of a sudden it smells like a ham sandwich,train,iSarcasmEval
"Thanks @Tesco for not informing me that my click and collect order had been cancelled when my account says it's ready to collect my partner has had to travel unnecessarily to Stafford and we still don't have our shopping, good diet I guess having to wait for my 26th delivery slot https://t.co/xq9oXEkw8o",train,iSarcasmEval
My dream is to be left alone.,train,iSarcasmEval
@lora__ SHOCKED. How am I supposed to tell the kids they're not going to Disneyland on June 21st after all? It's already been cancelled 36 times! https://t.co/SV8gpPn6yw,train,iSarcasmEval
@BorisJohnson @MattHancock Oh really?,train,iSarcasmEval
we happy!!!!!!!!!!,train,iSarcasmEval
"first day of work, and i’ve already cried on the job 👍",train,iSarcasmEval
The fact I nearly froze on my way to work this morning is definitely a sign it's not summer anymore #freezing,train,iSarcasmEval
"Damn, imagine being vaxxed and then getting a cold and then losing your taste and smell. Oh wait.",train,iSarcasmEval
Is this first Cybex isokinetic dynamometer? @DrAndrewBateman #PRS2021,train,iSarcasmEval
"how you gonna ask me how i’m doing “on this fine labor day” while you’re off, as I’m ringing you out, on labor day. how do you think i am 💀",train,iSarcasmEval
apparently it’s national siblings day? idgaf 💀,train,iSarcasmEval
Worked out 2 days in a row. I am quite literally the epitome of health and fitness,train,iSarcasmEval
yes i have little interest in doing things that applies to me,train,iSarcasmEval
If you ever wanted to know what it feels like to have dyslexia I would recommend the book House of Leaves.,train,iSarcasmEval
"@DanielIngolfur @The_Timbrodini @ViQueen55 @tedcruz I know, right? He even wanted poor people to be healthy, because he was basically a fucking communist. What a hippie.",train,iSarcasmEval
"@DylanPetit17 @jaredj5 Let's listen to Dylan Petit over actually doctors, biologists and epidemiologists. 🙄",train,iSarcasmEval
Don't let people walk all over you. Or breathe on you. Either one.,train,iSarcasmEval
Kepa had a great game,train,iSarcasmEval
I am starting off my day by watching a Dragons Den special on Deborah Meaden and eating a Pot Noodle. My life is perfect.,train,iSarcasmEval
"@Moffstovoi Well done! With the better coaching now available, can we expect a decent wee victory tomorrow? 😅",train,iSarcasmEval
@stockwa16053563 @PeterGWall @michael_saylor Michael Saylor is efficient in his line of questioning. Feels like more an interrogation 😂⭕️,train,iSarcasmEval
"I'd like to thank middle aged men watching the Olympics for solving the mental health crisis. Getting someone to shout ""get some perspective"" at every athlete struggling with anxiety will definitely solve their problem.",train,iSarcasmEval
does ur dad hate you for no reason or are you normal?,train,iSarcasmEval
I miss walking up 3 flights of stairs for class and having to catch my breath in the bathroom 😩,train,iSarcasmEval
this is my 3rd time taking a biology course and it’s so EASY wow i love biology so much i’m so glad i’m so good at this subject.,train,iSarcasmEval
Hot dog eating contest as a form of assisted suicide,train,iSarcasmEval
Being 20 years old and going to concerts with my mom means I can scream all the no-no lyrics bc iM aN aDuLt,train,iSarcasmEval
it'd be nice if missguided actually had stock for once🙂🙂🙂,train,iSarcasmEval
first game not starting when it's supposed to? a UCF tradition,train,iSarcasmEval
Having a bad week but what else is new!! At least I finally got paid 💕😭,train,iSarcasmEval
im about to just walk into a place and start working then and there and they'll have no choice but to hire me on the spot,train,iSarcasmEval
just stuck my entire hand in a hot oven without thinking about the consequences. self preservation is clearly my strong suit,train,iSarcasmEval
Turnover is the best band to cry to/drive to/daydream to/fall asleep to/ reminisce to/die to,train,iSarcasmEval
"Congratulations to Trump on his second impeachment. It’s a tremendous achievement borne of hard work, focus and dedication. Record breaking. Historic. Bigly. #ImpeachmentDay #TrumpImpeachment2",train,iSarcasmEval
yeah i enjoy some oregano on a nice pasta dinner (dumps oregano on mac n cheese),train,iSarcasmEval
everytime i swipe through bumble when i’m bored i just get sad that no one has the same complex interests as me….rude 😤🙄 /j,train,iSarcasmEval
Sitting next to the world's loudest mouth-breather on the first day of class did a really good job of demystifying grad school for me today,train,iSarcasmEval
every date I go on I get a little scared will be phone swap,train,iSarcasmEval
Nothing warms my heart more than seeing everybody come together and attack Westside’s administration ❤️ #WycoPride #YeeYee,train,iSarcasmEval
Blatantly obvious that Lionel Messi is now set for a move to Leeds. The Newell’s old boys network.,train,iSarcasmEval
"Can’t wait to get home take a big ass antihistamine and roll in some topical steroids. Damn it, skin! What did I ever do to you?!?!",train,iSarcasmEval
"“tit for tat, butter for fat, you kill my dog, i eat your cat” is a liberian proverb for “an eye for an eye”. my ancestors were spittin’",train,iSarcasmEval
@Chris_Ransom @CityView1904 @Uzzell01 @BBCSport Aware she was not a tennis player when she left Canada at 2 yrs old?? aware she did not pick up a tennis racket until 6 years old??.aware last12 years trained at the same tennis club in Bromley Kent England??the girl is British no haters or doubters will take that away from her,train,iSarcasmEval
was not aware that Crocs were appropriate business casual attire.,train,iSarcasmEval
On a scale from 1 to 10 how deeply was your childhood influenced by the Hannah Montana 2: Meet Miley Cyrus double album? This is for research purposes.,train,iSarcasmEval
"Oh? You're a real anime fan? Name all the Boku no Pico characters, I'll wait.",train,iSarcasmEval
@kidcuisine98 Based confidence and believing in proper eye contact-pilled!,train,iSarcasmEval
Replace Pelosi #Nancy,train,iSarcasmEval
"oh sure, the mic’d up pitcher at the MLB all-star game can say “god dammit” but when my 13 year old softball player says it she gets a “language warning” 😂",train,iSarcasmEval
@SrutisJay one of them smonks weed so it's super worth it /s,train,iSarcasmEval
@Dancruz07 Sureeeeeee you do,train,iSarcasmEval
"Bart is closed rn in Oakland so I can’t go to work, I’m so upset....",train,iSarcasmEval
Just redownloaded the @achievement app - let's see if it improves my exercise routine!,train,iSarcasmEval
"Just signed up for Apple's Ping, told it I like 'classical' and it points me towards Lady Gaga. It takes a certain genius to be this crap.",train,iSarcasmEval
i’m going to cut off contact with every single person i know and emerge in a few months o a year from now having lost the ability to physically speak but be able to play the meanest fucking accordion you’ve ever heard in your pathetic little life,train,iSarcasmEval
It’s funny that you guys thought sports mattered during a pandemic. I simply can not imagine caring about a winning streak rn.,train,iSarcasmEval
"ah yes, of the course the summer rain pours when im on foot.",train,iSarcasmEval
Keanu reeves is killing his role in ozark season 3,train,iSarcasmEval
getting stopped by tesco security is the highlight of my day,train,iSarcasmEval
Yay for being locked out of your own house because you forgot your key,train,iSarcasmEval
craving an ice pick lobotomy on this Friday afternoon,train,iSarcasmEval
my favorite thing about my grandparents is that they're so afraid to talk about me being gay that our catch up phone calls are incredibly short 💘,train,iSarcasmEval
My coworkers play this fun game where they try to describe bars in la crosse &amp; have me guess which one they’re talking about,train,iSarcasmEval
The fair-weather fans in all of these threads. Wake up call. Fleury is a human being. Surprise!,train,iSarcasmEval
"@traves whoa! that's a little too crazy man, slow down",train,iSarcasmEval
"Wow. Liam Neeson is coming across as a rational man,isn't he!!?",train,iSarcasmEval
"No joke, air-fried Twisted Teas are THE BEST.",train,iSarcasmEval
"I find it hilarious that ‘black and white’ or ‘all or nothing’ thinking is considered a cognitive distortion and is a symptom of several disorders, and yet it remains a pillar of American (and Western) culture. It’s almost like…. our culture is toxic 🤔",train,iSarcasmEval
It would be nice if my body would let me sleep...,train,iSarcasmEval
"@Mythical So worried about him. But if you're looking to save him, based on the topography I'd say it's somewhere on the east coast. Perhaps the Carolinas?",train,iSarcasmEval
All the shade i have been hearing about Ben Platt being unbelievable as a teenager in the @DearEvanHansen movie boggles me. Does nobody have any memories of Grease??? Name 1 actor on that film who believably looked high school age!,train,iSarcasmEval
Drum and bass is dangerous stuff don't you know.. #FabricReview 🙏🏻🙏🏻🙏🏻,train,iSarcasmEval
the manliest thing I can think of is when the men from the World Cup passionately sing their national anthem,train,iSarcasmEval
Love a good cry 👌🏻,train,iSarcasmEval
Perfect way to end a 2+ hour @SunCountryAir deley: getting stuck on the tarmack at @mspairport waiting to go to a gate for almost an hour 🙄,train,iSarcasmEval
"If your website still has a google plus share button, forgive me if I’m not tripping over myself to take your information as credible or current.",train,iSarcasmEval
it's too bad i forgot how to play my clarinet so close to my recital,train,iSarcasmEval
but clinton's emails! oh. emm. fucking. gee. clinton's god damnèd emails. the humanity of it all. 🤮 https://t.co/cibY5Tn9s6,train,iSarcasmEval
@goldfishbabe101 crispy all day every day over here ✌🏻,train,iSarcasmEval
@adorinqdwt @dwtridesgnf Yes the racist is so cool!!!,train,iSarcasmEval
Putting the toilet paper roll on so that it hangs under instead of over is a crime worthy of the death penalty,train,iSarcasmEval
Synthwave communities really love pessimism don't they haha Any upbeat energy and people get upset at ya,train,iSarcasmEval
@avsmph But how can we possibly deal with a human experience we haven't first relentlessly quantified???,train,iSarcasmEval
"The Drew Barrymore Show is an absolute trainwreck. Like The Tony Danza Show, every two minutes is a clip for The Soup.",train,iSarcasmEval
It's soooo great that I've taken pain medication and my back is still hurting 😩😩😩😩😩😩,train,iSarcasmEval
Turned 25 today but woke up with $600 from the IRS in my bank account so quarter life crisis has been postponed,train,iSarcasmEval
Only a a President as strong and decisive as @realDonaldTrump would force the FDA to OK a drug even before clinical trial results are in. No need to wait for such silly formalities - people have been taking the drug for years and most are still alive and fine! #OkToTry #Gotrump https://t.co/IdxTJ7kucp,train,iSarcasmEval
I reverse imaged searched a selfie and it under visually similar images it is exclusively asian woman my am I white passing narrative is quaking,train,iSarcasmEval
also that jacket he wore yesterday i’m gonna rip my eyes out :/,train,iSarcasmEval
"@kagune_kun despicable tweet, my liege",train,iSarcasmEval
Lovely day to be stuck at the mall with a dead battery.,train,iSarcasmEval
"So now that it's not getting banned, should I download TikTok?",train,iSarcasmEval
"Horse dancing is my new favorite Olympic sport, I have no clue what’s happening, but this is incredible",train,iSarcasmEval
I just love when Twitter decides to reload the timeline seconds after you just opened it up and are in the middle of reading it.,train,iSarcasmEval
somebody tell these birds to be quiet because they not listening to me,train,iSarcasmEval
this bruh rly told me “Ur anger issues are my playground🥰” so uhh hmu if u wana be friends bc i need new ones k thx(:,train,iSarcasmEval
this just in: phobias CAN be chosen and you CAN get rid of them by just not being scared! 🥰 /s,train,iSarcasmEval
every time i send my mom pictures of me and one of my friends doing fun things the first question she asks is if we're on a date what are you trying to tell me mother,train,iSarcasmEval
"Are GoFundMe accounts a form of socialism? I don’t have enough money to pay my bills, so let me create an account an ask for money to help pay my bills. ??",train,iSarcasmEval
not to alarm anyone but i just saw spider-man by uta,train,iSarcasmEval
Tell the liverpool players to get some beers and just sit on the grass for the full 90 mins. Let leeds score as many goals as they want. #NoToEuropeanSuperLeague,train,iSarcasmEval
Omg thank u for pointing out that I apologize too much 🙏,train,iSarcasmEval
Imagine not liking football 🤣,train,iSarcasmEval
@catboychika Aren't you happy I gave you less competition for ranking,train,iSarcasmEval
"My dad just said to me, “Hey, you’re kinda skinny, can you slip behind the fridge to look at something?” and it might be the nicest compliment I’ve ever gotten. So guys, go tell your girl you think she’s kinda skinny🥰",train,iSarcasmEval
"Someone in the pub just described the England team as ""a bunch of Marxists"". Makes you proud doesn't it?",train,iSarcasmEval
"Yay - snow day, I can work from home - oh wait....",train,iSarcasmEval
"the audacity of the neighbors to mow the lawn while i'm trying to sleep, at 6:30pm",train,iSarcasmEval
You’re all sickos for being mean to Trump so much for the tolerant left 🙄 anyways George Floyd had it coming,train,iSarcasmEval
Gosh sunderland twitter is a fun place to be tonight isn't it. One game. One game!!!,train,iSarcasmEval
If only people would care as much about poverty and social equality the way they do jumping up and down for Team Remain or Team Leave.,train,iSarcasmEval
i hate it here ❤️❤️❤️❤️❤️,train,iSarcasmEval
"When you're feeling all in your feelings, but a certain BEST FRIEND is making you see reason, and maybe you'll be okay. So damn rude. 😤 @LadyDeadlight",train,iSarcasmEval
Love it wen people try and stop my friends seeing me! Looooolll.,train,iSarcasmEval
2 x sand eating toddlers for sale. No previous owners. DM for details x,train,iSarcasmEval
"Day 2348 in lockdown. Never in my life did I think I would utter the words ""I've disinfected the chocolate"". #coronalockdownuk",train,iSarcasmEval
@TheLunaCinema @seetickets absolutely no response from Luna Cinema and my completely factual review on See Tickets has been moderated and will not be published 🤔 great to see @seetickets looking out for their customers. Excellent customer service all round 👏,train,iSarcasmEval
"So our landlord just brought in new sofas which is lovely but in the process broke a table, someone’s cup and spilt tea on the carpet and left saying “you should probably clean that up” thanks Darren 🖕🏼",train,iSarcasmEval
Thank you to @OrchardMead for organising pizza and ice cream! It was a lovely end of year gesture 😁💕 Happy holidays everyone - time to collect our time owed in lieu! 😅 #summerholidays https://t.co/324jzGSElj,train,iSarcasmEval
Yes you can break all the rules for Christmas and risk serious fines and killing your loved ones with a deadly virus OR you could ✨stay at home✨,train,iSarcasmEval
Entry level jobs that require 3 years prior experience 💕💕 ly 💕💕,train,iSarcasmEval
Anyone else hear some like thunder or something?,train,iSarcasmEval
why is the weather having a mid life crisis,train,iSarcasmEval
Roses are Red Violets are Blue My first love was Championship Manager Tommy Svindal Larsen and Kennedy Bakircioglu #HappyValentinesDay,train,iSarcasmEval
When your @Apple delivery gets stolen by a UK Mail delivery driver and the police know who it is but I still don’t get taken seriously🙃🙃🙃,train,iSarcasmEval
Cheers @ASOS delivery lady for dropping my parcel off covered in coffee 😒👌🏼 https://t.co/UzY4gJS9DE,train,iSarcasmEval
"""coping strategies to help with tinnitus and hearing loss: see a doctor!"" Wow thanks internet",train,iSarcasmEval
I love how men know they have a baby on the way in one month and they decide to go out and buy a brand new mustang wow,train,iSarcasmEval
"Both kiddos have a cold I don't feel good and now I think my oldest is having stomach issues, oh what a fun night!",train,iSarcasmEval
"So, a country that is trillions in debt, with numbers approaching 13 million on surgical waiting lists and hurtling towards facism regime, is talking about rescuing people from a facist regime?",train,iSarcasmEval
"It's nice to see some heritage organisations are doing the right thing and putting the safety of their staff, visitors and volunteers first. Wonder what that's like... ...for reasons, this is aimed at nobody.",train,iSarcasmEval
you would think the odds of me sitting next to the exact same stinky man three bus trips in a row is highly unlikely. alas I seem to be a lucky gal,train,iSarcasmEval
the only ppl who should be worried about Biden’s tax plan r the ones who get gifts for easter,train,iSarcasmEval
Always glad to live in Kent 🙈🙈,train,iSarcasmEval
This is awkward... @hollywills is a Diet Coke ambassador 🤯. #ThisMorning,train,iSarcasmEval
"Thinking about that time Blizzard had the brilliant idea to change everyone's name on their forums to their real names. God, what an idea that was.",train,iSarcasmEval
It’s so fantastic when you pay £800 a month to live in London in a fully refurbished house and wake up with water dripping on you from the upstairs en suite XXXXXX,train,iSarcasmEval
Just disposed of a dead opossum. Good morning!,train,iSarcasmEval
"Thanks to India for being so inept. I was hoping for a full day of cricket, got snacks and everything. Cheers. You could have at least tried. #bbccricket #INDvENG #ENGvsIND #Cricket",train,iSarcasmEval
i hope u sleep maybe forever maybe not lol,train,iSarcasmEval
I can't wait to name my children after things I will never have. My daughter will be Hope. My son will be PS5 because that shit is expensive.,train,iSarcasmEval
it's funny my mom thinks i possess no remorse when i feel remorse everyday for existing 😎,train,iSarcasmEval
who needs an alarm when u can have the low rumbling voice of a stranger to wake u up in the morning 🥰,train,iSarcasmEval
where can I hand my notice in for mental illness? been working at the same thing for way too long and it’s time for a change.,train,iSarcasmEval
"@MailOnline Another misogynistic, homophobic rapper.. how shocking!",train,iSarcasmEval
We get it ESPN. Sawx and Yanks. Let's go meteor.,train,iSarcasmEval
"head is pounding, spent £25 on ubers last night and I have a 3000 word report to write :) yippee x",train,iSarcasmEval
Inspired by the ‘dinner with Jay Z’ guy still going strong. I choose now to believe him,train,iSarcasmEval
"You know what makes a 15 minute wait for the bus even better, rum leaking all over the contents of your bag 🙈😫",train,iSarcasmEval
@cassieecote413 you can copy mine,train,iSarcasmEval
"For a good laugh, follow me over on @vsheltonsports to see my best attempt at covering sports business news for class this semester.",train,iSarcasmEval
First day of school and spectrum internet has already shit itself. Amazing,train,iSarcasmEval
alllllll nighter. woohoo,train,iSarcasmEval
"""Alexa add small bananas to the shopping list."" I've added smooth armours to your shopping list."" Gee thanks Alexa! #alexa",train,iSarcasmEval
Every time I see an establishment with paper straws I turn a little bit Republican,train,iSarcasmEval
Love that someone broke into my car this morning,train,iSarcasmEval
I hate you so much @Eagles,train,iSarcasmEval
So weird how Venmo hasn’t venmoed me yet really thought I was the one,train,iSarcasmEval
I love leaving the doctors office in tears. I need this kid to just decide to leave my body so we can be done and home together.,train,iSarcasmEval
Joey the genius! I wish i was as brainy as him #towie,train,iSarcasmEval
I'm hoping my social work class party is going to involve tequila and chip and salsa 💃🍹🎉👨,train,iSarcasmEval
imagine being able to sleep haha can’t relate,train,iSarcasmEval
only have to physically be in uni for an hour a week looool mmmm take my 9k xxxxx,train,iSarcasmEval
Nice to see @Cardiffbus have started the new year off with the usual crap service. Just love waiting for a bus that doesn't turn up,train,iSarcasmEval
Just gotta realize no ones interested in what I have to say 👌,train,iSarcasmEval
nothing quite says hello 2020 like hypothermia 🥳,train,iSarcasmEval
you know what’s a novel concept? rapists and sexual assaulters not only ruin the lives of their victims but also THEIR OWN LIVES. yeah. not the victims testifying. maybe if you didn’t want rape accusations then DON’T RAPE. also a novel concept.,train,iSarcasmEval
"our lord and savior, frank ocean, has saved us all once again.",train,iSarcasmEval
i stg i probably talk to my tv more than i do to actual people whoops rip social life,train,iSarcasmEval
Will pessi sign for man city,train,iSarcasmEval
Life is about eating chicken finger and getting drunk,train,iSarcasmEval
I’m still confused about DaBaby’s point? Like would you have said “everybody without cancer out your lighters up”??? like what sir https://t.co/EqcbAEkIJM,train,iSarcasmEval
ate a bagel with cream cheese earlier and the impending doom immediately vanished from my mind,train,iSarcasmEval
my hobbies include leaving projects for the night before and then complaining that the teacher didn't give us enough time 🙃🙃,train,iSarcasmEval
Death by Zara fitting room,train,iSarcasmEval
Amazing how fast this team can go winning from 13 straight to losing three in a row. Lol. Horrible managing tonight. I really hope this Boone experiment is over soon.,train,iSarcasmEval
"So my Twitter feed has to show me what tweets people I follow like. ...😐 If I unfollowed you, just know I'm tired of seeing porn",train,iSarcasmEval
can't wait to cop tickets to see the cracker quartet,train,iSarcasmEval
Hands up who remembers when EVERY blogger and their dog was a brand ambassador for Coconut Lane 😂,train,iSarcasmEval
employer: so what are your strengths me: i’m smart i’m funny i’m nice i’m cool i’m creative i’m hardworking i’m made of wood i’m honest i’m fast i’m awesome i’m hot i’m chronically ill i’m little i’m in demand i’m,train,iSarcasmEval
Who's ready for monsoon storms allllll weekend?!?!,train,iSarcasmEval
Has any couple ever put furniture together and stayed together afterwards??? Asking for myself,train,iSarcasmEval
"I spend the day sitting or napping, I ration my food like a psychopath, and I take one walk a day. I am my dog. #Covid_19 #CoronaVirusUpdate",train,iSarcasmEval
Well. That went well. #BelgianGP,train,iSarcasmEval
love waking up in a panic 🥴🥴,train,iSarcasmEval
"Oh boy, a song I'm gonna play on repeat until it makes me physically ill to hear it! Thanks FOB",train,iSarcasmEval
don’t make me rewatch panic 🤨,train,iSarcasmEval
pay it forward is honestly one of the worst movies I've ever seen why would would anyone make an ending so sad I've been crying for 30 min,train,iSarcasmEval
"hello to all three of my followers, this is my big return to twitter",train,iSarcasmEval
we used to make fun of rich men for using 3in1 turns out they were never using anything at all 🤮,train,iSarcasmEval
Thanks @myhermes for losing my parcel but giving me someone else's. I'm nice enough to go give it to them though. Please DM me back soon 😐,train,iSarcasmEval
Anyone need a body for a human sacrifice? Trying to find a valid excuse to not go to work today.,train,iSarcasmEval
"@inkofreality @StrangerTings1 @nytimes You're so close to understanding baseline biasing. You can get there, I believe in you!",train,iSarcasmEval
Mine and @livlawrencex snapchats are just stunning👌,train,iSarcasmEval
They should just put a wall around the pitch to stop the ball going out,train,iSarcasmEval
"My PS4 Pro has P.T on it, which is somewhat funny as it was taken down before the PS4 Pro was even released #konami #PT #SilentHills #Spooky #PlayableTeaser #Kojima",train,iSarcasmEval
never drinking again,train,iSarcasmEval
I reckon I could have put that in the net Morelos sir,train,iSarcasmEval
what a great day to be stuck inside 🙃,train,iSarcasmEval
Happy birthday to me!! I’m 30! 😭,train,iSarcasmEval
Every time you complain about neopronouns or xenogenders we add five more,train,iSarcasmEval
naming my son onickolas in honor of my love for @NICKIMINAJ,train,iSarcasmEval
Enjoy the bars and vineyards✌🏻 Make sure to send postcards to the people dying in your local hospitals. I’m sure they’ll be glad you’re not bored anymore,train,iSarcasmEval
@jabadgo @Nibellion Don’t run it on a school-provided laptop,train,iSarcasmEval
gotta love living in a country where it’s easier to get an AR-15 than it is to get coronavirus testing 😍😝,train,iSarcasmEval
thinking about how no one is obsessed with me 💔,train,iSarcasmEval
"If the sound of the rain outside wasn’t bad enough I’ve now got my neighbours climbing onto their roof and shouting ‘I love blowjobs’, perfect background noise for me trying to study 👍🏻",train,iSarcasmEval
It was the jerseys,train,iSarcasmEval
"Sooo... @adamlevine was that ""Nice!"" and double fist pump for the show or @shakira s ass that you were checking out? @NBCTheVoice",train,iSarcasmEval
@MarkHendyHR Only joking... keep it real. HR professionals have a life too... 🤔,train,iSarcasmEval
Shaving in the shower without your glasses/contacts is EXACTLY like performing blind surgery 👀🔪,train,iSarcasmEval
if jesus was resurrected again i would vote for him,train,iSarcasmEval
"New levels of desperation: sleep is now truly insignificant to me. In fact, it’s a downright annoyance.",train,iSarcasmEval
"So I have an exam tomorrow, but likeee if the country is about to turn into a war zone does it really matter??",train,iSarcasmEval
"Absolutely LOVE spider season! I love crying in fear. I love not being able to sleep. I love people telling me that I'm being ridiculous. I love hearing ""it's not gonna hurt ye"". I love using every orange peel, conker and peppermint oil known to man. I love fear. 😑",train,iSarcasmEval
Getting a dog was single handedly the best and worst thing I’ve ever done..can’t imagine life without her and I can’t live without her.. Make sense?,train,iSarcasmEval
cant wait to dance with harry styles and the delta variant at their concert in november!!,train,iSarcasmEval
really honoured to have shared a coach today with a group of girls who didn’t know downing street was real and thought the prime minister and the queen lived together at buckingham palace,train,iSarcasmEval
It’s “let’s see how many crumbs I can find in scarf” szn.,train,iSarcasmEval
"The best part of going out, is waking up at 2PM the next morning wondering whether you're dead or not and what day it is. 😂😳😀",train,iSarcasmEval
"Lucky for @JoelEmbiid , only MVPs get tossed for those kinds of fouls #76ers #ATLvsPHI #hawks #NBAPlayoffs",train,iSarcasmEval
"@JasperSmiith @LentonDNRA @ShearerWest @registrarism @UniofNottingham @CllrDaveTrimble @SallyLongford @CllrDavidMellen @LilianGreenwood @MyLWE @MyNottingham Yeah just a coincidence that infection rates go up and down dependent on when students are in the area or not, also tallies in with the parties being attended by up to 3 times the amount of allowed attendees. Definitely not students 🤔🤦🏽‍♀️🙄",train,iSarcasmEval
The most 2020 quote of the year: Me: we should go to the Van Gogh Museum! Little Brother: is that the donny with one ear?,train,iSarcasmEval
I’ve always known #Bez is my spirit animal but seeing the mess he makes on @MasterChefUK confirms it 100% what a legend that man is,train,iSarcasmEval
Nothing can be further from the kickoff of the NFL season than a pre-game performance by Ed Sheeran. Nothing against him but he just doesn't inspire me to watch football. #Football #NFL #Weak #TestosteroneDeficiency https://t.co/JTI2qgSxUq,train,iSarcasmEval
I love when I learn about stuff I've apparently done and said from people😂,train,iSarcasmEval
@sdeditgirl You should know a true Oregonian doesn't use umbrellas!,train,iSarcasmEval
How is it possible that Sly Stallone’s ‘Cobra’ is both the best and the worst movie ever made?,train,iSarcasmEval
people who say that they’re allergic to pineapple are pathological liars!!!!!!!,train,iSarcasmEval
"I love calling my mom early in the morning and waking her up, I take it as pay back for all the times she never let me sleep in 😜",train,iSarcasmEval
Great night last night! Muggins here is the commis chef crouched down in the corner. Seriously an honour to help raise money for @acf_uk and work alongside these stellar chefs. Thanks for having us @nickg67 @frontlinechef! https://t.co/mkiTEpMzaz https://t.co/SVgdFYHyi4,train,iSarcasmEval
@GainzyXBT Actually I've extrapolated based on the last daily candle and it turns out BTC will be sub-zero by December. The math doesn't lie.,train,iSarcasmEval
"""Should I wear my lime green pants?"" dad its 4th of july...",train,iSarcasmEval
How does one find motivation to do basically anything? Asking for a friend.,train,iSarcasmEval
Sick of being healthy already pissing like a racehorse !! Keep Well hydrated Han 4th litre of water 💧💦,train,iSarcasmEval
James Harden is allowed to travel every time he drives apparently,train,iSarcasmEval
South Park being taken off Hulu is the worst thing that’s happened to me personally in 2020 and like.. my dad died,train,iSarcasmEval
do i like him or is his hair just curly??,train,iSarcasmEval
“You’re never going to have a white boyfriend are you Jess” Nah don’t think so Mum,train,iSarcasmEval
flew into a rage this morning bc i couldnt find my karaoke mic so yeah i would say things are going well for me,train,iSarcasmEval
My favorite part about running on the track is seeing how high my heart rate gets just walking up the stairs to it.,train,iSarcasmEval
Most people have security cameras for protection. Ours acts as a DVR,train,iSarcasmEval
Is there a zombie apocalypse going on upper street,train,iSarcasmEval
💫jsc bonding nights💫🥰🥳,train,iSarcasmEval
tiktok's full name is tictactoetok,train,iSarcasmEval
you ever completely embarrass yourself on zoom and decide to drop out of college?,train,iSarcasmEval
thats it im packing my things and moving to italy see u all in a month xo,train,iSarcasmEval
@kashirenaii i would never go to six flags with u,train,iSarcasmEval
next person that puts beomsil on my tl has to deal w me crying on the floor,train,iSarcasmEval
its 3 30 am and I have decided the only redeeming quality of a male is that I can put my freezing cold toes on him and leach his warmth,train,iSarcasmEval
just met the love of my life don't text,train,iSarcasmEval
bad romance by lady gaga is the best song to ever come out of the american music industry and anyone who says otherwise is a liar,train,iSarcasmEval
"Well done to the guy who was charging down the stairs at Ealing Broadway and sent me flying, you made me cry.",train,iSarcasmEval
Day 3 of night shift: “Can I get a triple shot puppuccinio?”,train,iSarcasmEval
"Funny Quote of the Day: ""I believe in luck: how else can you explain the success of those you dislike?"" - Jean Cocteau",train,iSarcasmEval
@trpalomo Those boots must be tasty for how much they're choking on 'em 💀,train,iSarcasmEval
Good morning September... Hello tonsillitis :(,train,iSarcasmEval
Someone should’ve had me committed the day I decided to buy a pair of non-stretch denim jeans,train,iSarcasmEval
"@KellyMartin_UK @Morrisons You’re right, it’s all one big conspiracy. You should boycott the NHS too, they’re in on it as well",train,iSarcasmEval
@SkySportsBoxing if i think you would have a chance against fury i mean its easy for some broken bodied old boy to beat the best in the world,train,iSarcasmEval
Just saw a cop riding a segway?!! So glad my taxes paid for that.,train,iSarcasmEval
It really bugs me when teachers uncap and recap highlighters three or four times per book when marking - Poor time management! #efficiency,train,iSarcasmEval
"""I can't wait to be a piece of shit with a bachelors degree""",train,iSarcasmEval
Love it when someone buys a £175 coffee machine in Paris with my debit card 😕,train,iSarcasmEval
@RealCandaceO Ok so when does the anger and bitterness start? Just so I can prepare properly…,train,iSarcasmEval
"I'm so glad the clocks just went back, I have this whole extra hour of insomnia to play with.",train,iSarcasmEval
"Please consider map filters on online mutliplayer. Pretty pls, thanks @CallofDutyUK",train,iSarcasmEval
Got a bloody screening invitation for a massive film - YES THAT ONE YOURE THINKING OF - and both screenings are on school days 😭 tempted to quit teaching tbh,train,iSarcasmEval
Having morning sickness when you're not actually pregnant is all the fun,train,iSarcasmEval
They really said you can’t have nice weather AND no lockdown for your bday this year huh,train,iSarcasmEval
“it’s hotter in the america right now and it feels fine british people are just being dramatic 🙄” QUICK ARE YOU SAYING THIS INSIDE UR AIR CONDITIONED HOUSE ‼️‼️‼️,train,iSarcasmEval
Just had a flashback about a boy and nearly threw up in my mouth,train,iSarcasmEval
@Ciara87C @RachaelSmarty @SashaHumphreys2 my tinder convos have been leaked,train,iSarcasmEval
"Dear @krispykremeUK, I see your enticing #Thanksgiving offer that ends on 2 Dec. I wanted to ask if you're aware that #Chanukah starts on 10 Dec, continues for 8 days &amp; that traditional Chanukah fare is actually #DOUGHNUTS ?? 🍩🍩 #justsaying #AskingForAFriend #opportunity",train,iSarcasmEval
Wow great album from Kanye. v John Cage 4’43 vibes x,train,iSarcasmEval
"Just got in, how’d Liverpool get on?",train,iSarcasmEval
Actually considering applying for the undateables,train,iSarcasmEval
"@JoeTalkShow @EdwardNorton Get ratioed, then tell us more about the ""hate-filled left,"" especially about how the Republicans and independents who voted for Biden are somehow part of that group 🤣",train,iSarcasmEval
"thank you kind person that stole my ATM card, you must have known I wanted to sit at the bank all day.. half hour and still waiting #mondays",train,iSarcasmEval
So excited to start this job!😊,train,iSarcasmEval
"Maybe if we didn’t comment on things that don’t concern us, the world would be a happier place?? But what do I know🤷🏻‍♀️",train,iSarcasmEval
"dad: ""are ya sending any of those boys from 5soz (wtf is a 5soz dad) a valentines gift?"" me: yes dad yes i am cuz im dating all of them duh",train,iSarcasmEval
"I just read, ""oftenly"" and threw up in my mouth a little.",train,iSarcasmEval
"I unsubscribe from being an adult, its not for me",train,iSarcasmEval
i love siriusxm. siriusxm is my friend,train,iSarcasmEval
"A whole 2% off for a single order, rejoice",train,iSarcasmEval
Can’t wait to see Ed sheeran at tramlines tomoz x,train,iSarcasmEval
"@kirkkorner ""But it's a deterrent"" 🙄",train,iSarcasmEval
Great start to the day Neros was shut and now I'm going akip on the bus 😴😵,train,iSarcasmEval
@Torialou78 My excellent photography skills! :p lmao!!!,train,iSarcasmEval
"@SIazVest @rodneyjaguars57 Fuck you got me there, you better get back to getting upset and jealous over successful and talented boxers",train,iSarcasmEval
Just rediscovered that my nose is always in my field of vision so I will unfortunately be dropping out as I cannot continue my assigned readings in peace,train,iSarcasmEval
There is nothing new in an oliver james publication that can't be found elsewhere for free. He's a leftist living a straight bourgeois life,train,iSarcasmEval
Sometimes I wonder if Priti Patel and Boris Johnson think that the Prime Minister is the one with the best K/D ratio. It would make sense with the whole 'let the bodies pile high' thing.,train,iSarcasmEval
Just won 3 cents on HQ words...early retirement here I come 😍,train,iSarcasmEval
Schadenfreude x,train,iSarcasmEval
"Being a mom with an autoimmune disease means I am a grown ass woman that caught hand, foot, and mouth from my daughter. My Hashimotos sucks. Thanks for all the sicknesses I so graciously suffer and should not be suffering at 40.",train,iSarcasmEval
My gf has been in the Hamptons nannying for a few hours and she has already been to a POLO match. Is she in GOSSIP GIRL?,train,iSarcasmEval
my computer does this fun thing now where it shakes in a way that exactly replicates what happens to my vision when i forget my meds so that’s exciting !,train,iSarcasmEval
I'm just living off salads and yogurt and loving it tbh,train,iSarcasmEval
💕 tip for baking bread! 🍞🥐🥖 you can use the yeast in your dog's ears to substitute active dry yeast or instant yeast in a pinch! 💕,train,iSarcasmEval
"You guys, how cool would a British version of Breaking Bad be? Lol jk, they have universal health care so Walter White would never have to resort to cooking meth in a trailer to be able to fund his cancer treatment.",train,iSarcasmEval
Ain’t never really had a daddy so I’ll never really need one 🤷🏾‍♀️,train,iSarcasmEval
2 minutes into the book and I already hate the main character. Lovely,train,iSarcasmEval
i would rather be outside reed timmers car in f3 tornado winds than go to work today,train,iSarcasmEval
"North Dakota: *has one decent week of weather* Mother Nature: NOW I SHALL CAST OUT THE SUN AND BRING THE COLDEST OF RAINS UPON THY SUPER, DUPER FLAT LAND.",train,iSarcasmEval
I never feel more empowered than when I’m listening to ‘this is me’ from camp rock,train,iSarcasmEval
Happy birthday to me. I got pinged and can't leave the house 🥰🤡,train,iSarcasmEval
"don't cry because it happened, smile because it's over &lt;3",train,iSarcasmEval
@rickyberwick And you said Donald trump was racist 😑,train,iSarcasmEval
so the royal family is sound with pedophiles but as soon as a mixed race baby comes into it they’re scared ? makes sense 🥴,train,iSarcasmEval
IF ONLY PEOPLE WOULD RAKE THE FORESTS. #Debate2020,train,iSarcasmEval
I really hate the new TikTok voice over voice - she sound annoying af,train,iSarcasmEval
Mad how many cars they make now without indicators 🙃,train,iSarcasmEval
my car is acting up AGAIN for like the 3rd year in a row and I’m just going to drive it into the river at the point,train,iSarcasmEval
My living room feels really lively now. I’m recklessly sipping tea absorbing choons #TaeSup,train,iSarcasmEval
Lil Pump is the Nelson Mandela of our generation,train,iSarcasmEval
I too enjoy making shit up and pretending like I understand basic economic principles https://t.co/cHDBHaxBBR,train,iSarcasmEval
Just nearly cried in the tesco express because they didn’t have the cheese pizza or the back up pizza I wanted. My mental stability is strong today.,train,iSarcasmEval
this time tomorrow i'll be dying at school Cannot Wait!,train,iSarcasmEval
rewatching degrassi for the millionth time,train,iSarcasmEval
Matt Hancock is a top shagger,train,iSarcasmEval
I’m gonna miss scantrons shortening my name to “Christ” after 16 years,train,iSarcasmEval
"Day 55 of Lockdown. Finally bought some jigsaw puzzles. Absolutely cannot wait for them to come, highlight of my day (maybe even year)",train,iSarcasmEval
Don’t you just love it when they dig up your road at 8:30am on a Saturday 😠,train,iSarcasmEval
Just watched a man smoke crack on the R train in front of 3 families. New York is healing ✨,train,iSarcasmEval
Using my recently acquired video editing skills on myself for a change. An oral #presentation assignment on #healtheconomics is as much fun as it sounds 🗣🎥 https://t.co/1LKHVyupie,train,iSarcasmEval
we love when the power goes out at 6:30 in the morning on a wednesday https://t.co/BBIQ7ZYS3x,train,iSarcasmEval
"It’s spring, so that means it’s time for couples to leave the bar across the street and come fight under my window at 2 am again ❤️",train,iSarcasmEval
"Get ready for the next big horror game this season, Slender Suburban Man",train,iSarcasmEval
If I were the Red Sox I would simply play the Orioles more,train,iSarcasmEval
Wow... the universe gave me the task of a potty training a whole human? the audacity.,train,iSarcasmEval
@Mike_Fabricant This aged well,train,iSarcasmEval
tanning in this heat is an extreme sport,train,iSarcasmEval
Just almost got hit on the highway by a @CityofSanDiego truck 🤪 tysm for making me feel safe guys!!!,train,iSarcasmEval
Jaegermeister did 9/11,train,iSarcasmEval
"If you watch #TheCrown and don’t simultaneously wiki deep-dive on the royal family, did you even watch The Crown?",train,iSarcasmEval
Searching for Pokemon later because I hate myself haha !!!,train,iSarcasmEval
do you think when a middle aged white man goes to buy a big lifted brand new F150 they check to make sure his penis is incredibly small?? or do they just take his word for it,train,iSarcasmEval
"me: revises cells + other general biology stuff edexcel: ""i want a fit summer bod, get them to tell me how i get one"" #EdexcelBiology #Gcses2018",train,iSarcasmEval
good evening sharks. hooters but for feet.,train,iSarcasmEval
Hailey convinced Tayler that putting a spoon in the microwave to scoop ice cream faster was a good idea,train,iSarcasmEval
too many dudes are wearing birks with socks on. grow up. get the fucking toes out man.,train,iSarcasmEval
came home to realize my family found and read my quarantine journal lmao lucky I didn’t get involuntarily committed wtf,train,iSarcasmEval
No longer a female as I refuse to wear heels ever again,train,iSarcasmEval
I changed out of my pajamas today and I think that’s really brave,train,iSarcasmEval
I would like to dedicate my hot girl summer to the Eastpointe Chick-Fil-A. Thank you!,train,iSarcasmEval
omg my ships are gonna love what taylor swift has done for them,train,iSarcasmEval
Can’t wait for those $2000 checks to go out immediately,train,iSarcasmEval
"Hearing I love you is nice and all, but has your SO ever told you to eat shit? 😍😍😍 ugh @samduhclam",train,iSarcasmEval
"AT&amp;T is truly amazing They think my lg g7 is 3g only to the point where they sent us Walmart Altec phones and said they'd shut off service. We called them, they told us to not worry and if the phones are fine they wouldn't be shut off Guess what got shut off this morning? LOL",train,iSarcasmEval
They really took friends off Netflix 😭😩🤦🏼‍♀️ what am I suppose to watch now??!??!!,train,iSarcasmEval
Got my first shot. Feeling pretty good. Kinda feel like buying some Microsoft products. The shot didn't really hurt. But what will hurt is if I don't take advantage of the Microsoft office deal going on right now for a limited time,train,iSarcasmEval
Why are the side effects of antidepressants so ✨scary✨,train,iSarcasmEval
I like making food and then not eating it to assert my dominance,train,iSarcasmEval
victoria has a crush on maluma,train,iSarcasmEval
if i saw a capybara in person id probably throw up,train,iSarcasmEval
"Using an educator discount, I receive 20% off Manga at B&amp;N. This is the only reason I am a teacher.",train,iSarcasmEval
shoutout to the kid who brought a pineapple to hc and threw it around #madrespect,train,iSarcasmEval
CLB cover art makes me want to pound my knees with a hammer.,train,iSarcasmEval
virgos are leos in a vest,train,iSarcasmEval
it’s literally so hard being this hot and sexy and beautiful everyday,train,iSarcasmEval
It's been a productive last day. Maxed Out all my credit cards in preparation of my Rapture tomorrow!!! #iwishwehadallbeenready,train,iSarcasmEval
I just love falling up the stairs 😑,train,iSarcasmEval
Is spunk a slur?,train,iSarcasmEval
i have bags under my eyes because im tired of your bs:),train,iSarcasmEval
I never thought I’d have a mortal enemy but it’s whoever keeps printing on blue paper and then leaving like 5-10 blue sheets in the math room copier when they’re done for the next unsuspecting person,train,iSarcasmEval
i love when i respond to my professor immediately after she emailed me and i still haven’t gotten a response :)) (it’s been almost 4 hours) :)),train,iSarcasmEval
imma still vote for vermin supreme this presidential election 😤,train,iSarcasmEval
"I’m so glad I know the quadratic formula from 8th grade instead of knowing how to pay taxes, get ready for college, oh OR ANYTHING ELSE USEFUL THAT INVOLVES BECOMING AND ADULT 🤠🥰",train,iSarcasmEval
Man PepsiCo loves to add 750g of sugar to a mixture of their existing flavors of sodas and call it a new flavor of dew or Pepsi...,train,iSarcasmEval
"love island is ending, law school is starting again…summer is really over",train,iSarcasmEval
@jimcramer Yo jim I put my life savings in $didi at $16 as per your request now me and my family are eating MREs in full survival mode What should I do?,train,iSarcasmEval
so many people pressed that italy won sorry eurovision belongs to the bisexuals now x #Eurovision,train,iSarcasmEval
As a woman I dont need hobbies dreams or goals cause I can spend all my time wondering why he didnt text back crying into a bag of doughnuts,train,iSarcasmEval
So staying up late was worth it..... 😪😩,train,iSarcasmEval
@TheSpursExpress @JBurtTelegraph I've done this to my employer too. I'm expecting we'll both get the same answer,train,iSarcasmEval
"Man-spider. The story of a spider who's bitten by a human and now has the powers of a human. Working in an office, wasting money on artisan coffee, and giving up his bus seat to a woman who turns out not to be pregnant, but just ""likes sandwiches you a-h*le"". #IntoTheSpiderVerse",train,iSarcasmEval
"@AmazonUK why does Alexa UK not get improvements like Guard, Adaptive Volume, Male voice? Should we pay less for the devices than the US equivalent?",train,iSarcasmEval
Bristol is absolutely littered with students!! Glad I never was one🙈,train,iSarcasmEval
"@GeoffreyBrock6 @RevRichardColes Do you really believe that? I'd put more faith in the giant pumpkin. Wait a minute, he is the giant pumpkin!",train,iSarcasmEval
What happened to unbiased journalism @SkyNews?,train,iSarcasmEval
"Oh wow, trolls really have a lot of time on there hands, jeez 🙄 they really don’t like getting banned #twitchtrolls",train,iSarcasmEval
I’ve been laid off !! Nice:)),train,iSarcasmEval
Lol at my life :),train,iSarcasmEval
I love it when someone criticses my parenting then their adult son cuts his finger off with a knife and breaks his leg by falling off a bike,train,iSarcasmEval
I’m in Canada so like Happy 4rth?,train,iSarcasmEval
Anyone else wanna ruin me day x,train,iSarcasmEval
"Have the most balanced diet, a healthy balance of codeine, panadol and ibuprofen....",train,iSarcasmEval
@devisridhar Do you know of any good chippies in the Crewe area?,train,iSarcasmEval
i love 6 hour panic attacks,train,iSarcasmEval
"@OldUnclePunch Yes, because we really have that sort of power. Why do brexity types always sound like they are all paranoid conspiracy therorists?",train,iSarcasmEval
@DarrkIt @iamspade_ ya need a carry hit me up im a octane main,train,iSarcasmEval
The numbers talking to me!,train,iSarcasmEval
"apparently it's the biggest ask on the planet to find decently priced sandals with an enclosed toe. PLEASE, INTERNET. I just want to have vaguely summery shoes that don't involve me having my toes out to the world at all times lmfaoo",train,iSarcasmEval
Ayeee it’s officially “I’m not even your girl” season 😛,train,iSarcasmEval
Stop gatekeeping retirement living communities. I am mentally and spiritually ready to move in.,train,iSarcasmEval
Corsodyl failing to consider i like being a person who spits blood when they brush their teeth,train,iSarcasmEval
@c_j_mcburney Suspect there’s still room for you in the ground,train,iSarcasmEval
Pregnant and constantly crave KitKats. I literally have been living off of them for the past 4 months. @KitKat_US,train,iSarcasmEval
"Packing to move house, and currently wondering why I had to pick such a heavy hobby? Like, why did I have to pick reading? Books are so heavy, my back hurts. Why couldn’t I have picked knitting? Yarn is light 🥲",train,iSarcasmEval
"these two girls are on the beach in lawn chairs, i love shoobies",train,iSarcasmEval
I'm literally out here trading eggs for potatoes Day 1 in our new dystopian society is going well #coronavirusUK #coronavirus,train,iSarcasmEval
I do love it when my mum makes me spend my savings on beer 😒,train,iSarcasmEval
School psych life if fun because you can feel like complete shit but chances are you have meeting that determines changes in a student’s education that’s bound by legal timelines and took coordination of 6 different schedules and you’re the only one who can run it,train,iSarcasmEval
Not only did I have to take care of covid patients last night but my charge nurse told me the covid scrubs make me look “unwantable”! Great!,train,iSarcasmEval
"@Rosievix @mouthwaite Well, illegal immigrants categorically don’t get money from the government but why let a little thing like facts get in the way of a good bit of xenophobia...",train,iSarcasmEval
"ever just peep fox to see what crazy tuck is saying? tonight, i am learning that fauci actually funded the creation of covid in a lab and is solely responsible for the pandemic",train,iSarcasmEval
I would do so much for people that would do absolutely nothing for me lol at least i know who my true friends are😀,train,iSarcasmEval
“I don’t really like partying” Oh is that why you’ve gone to parties twice in the last week? Because you just can’t stand it? Makes complete sense.,train,iSarcasmEval
Wishing all the birthday sex on @laurabora620 today 🎂 https://t.co/JtP0FCvo9R,train,iSarcasmEval
"Yeah I’m following a lot of shows right now, the price is right is pretty good but season 1 is better than season 2",train,iSarcasmEval
Elaine Quijano exhibits roughly the same amount of control over this debate as two rabbits do on their first date.,train,iSarcasmEval
"@barcacentre Unemployed and lazy that Messi guy 😂 (I'm being sarcastic guys, I'm warning you lol)",train,iSarcasmEval
"My poo is green, how festive.",train,iSarcasmEval
turning 22 next week so naturally I increased my tinder age range up to 60,train,iSarcasmEval
Is it unreasonable to spend £50 on a bonsai tree? Asking for a friend 🤔,train,iSarcasmEval
im glad we finally have a party in opposition who are committed to taking the government to task for not making mistakes fast enough,train,iSarcasmEval
"Men love making women think they were the problem when they finally decide to leave after putting up with mistreatment for god knows how long “You were supposed to be my ride or die 😩” Okay, so die then.",train,iSarcasmEval
"I heard it might be snowing ??? Sounds fake, but okay??? Can anyone verify?????????",train,iSarcasmEval
is this an earthquake because i am shook right now,train,iSarcasmEval
@TheBabylonBee And the hot air and BS she generates makes for a perfect backup energy source!,train,iSarcasmEval
How DARE my friends have jobs/boyfriends/lives they should consider my feelings and be free when I am,train,iSarcasmEval
"Going to M&amp;S food will be the highlight of my day later, can’t wait👌🏻😅",train,iSarcasmEval
A fun musical mashup is the country music playing at the gym with the one guy playing old Eminem on his phone at full volume in the locker room shower 🎶🎶🎶,train,iSarcasmEval
"@kittin_knittin According to a Trump republican, that's relative to Penis size. There's a video. Lol",train,iSarcasmEval
"not to brag, but my thesis topic was so good that someone else published on it three months ago 🙃",train,iSarcasmEval
I'm the highest I'll ever be on 420 in my life! I'm on an airplane duh,train,iSarcasmEval
just found ive been walking on a broken foot for the past 6 months 🤪🤪🤪,train,iSarcasmEval
it's all about women in stem struggles. what about women in interactive media struggles: i no longer win against my friends in smash because they major in goddamn video game.,train,iSarcasmEval
Can cats wear nail polish,train,iSarcasmEval
"Watched 127 hours... Kinda reminded me of this one time I got a bad splinter. Writing a book about it now, hit me up for an autographed copy",train,iSarcasmEval
Love everything in my basket selling our before the sale was meant to start😒 @ZARA_Care @zara,train,iSarcasmEval
@mcfcok82 Thank you for your well balanced and thoughtful input,train,iSarcasmEval
accidentally followed CCD guidelines instead of CDC guidelines and now i have covid AND catholic guilt :/,train,iSarcasmEval
watching tik toks at full volume in the middle of the airport should be a federal offense,train,iSarcasmEval
i’m gonna get a boob job so i call myself a customizable doll,train,iSarcasmEval
Friendly reminder you’re not vegan if you swallow cum,train,iSarcasmEval
what i love about mine and summers work schedules is that she will finish at 8pm and then i’ll start work at 9pm and then when i get home at 7am she’ll start work at 8am ❤️,train,iSarcasmEval
Uh oh Ben Simmons will also have a Steph Curry type season 76ers better not trade him now https://t.co/kkpzfcTcSH,train,iSarcasmEval
‘It’s only a game’ 🥴🥴,train,iSarcasmEval
I love to pick my modules on a first come first served basis at the same time as everyone in my entire year on a website that hasn’t been updated since 1995 . Thrilling ❤️,train,iSarcasmEval
"Oh good, it's time for the bi-monthly random power outage.",train,iSarcasmEval
"Wish I was the bitch that Elijah hewson fucking hated, sad :(",train,iSarcasmEval
Might just fuck around and take some horse dewormer for the thrill of if. Maybe I’ll feel something,train,iSarcasmEval
"@adi_jord agreed, this is ridiculous, gotta cop a pair",train,iSarcasmEval
Why was I not told Matthew Stafford and Cooper Kupp eat breakfast together before I drafted Robert Woods over him?,train,iSarcasmEval
@abhiishekkkkkk @FCBGox Did you even watch a single la Liga madrid game last season bruh Varane isn’t that good anymore,train,iSarcasmEval
can't wait til a bunch of pudgy suburban dads save the day with their firearms,train,iSarcasmEval
Throwback to when I answered the phone at work with “thank you for calling Courtney! My name is principal” wow I love myself,train,iSarcasmEval
V excited to grant an extension to students who email me and my co-teacher and get both of our names wrong,train,iSarcasmEval
ima get up early tomorrow and make some tea and sit on the patio oh how I love to imagine things im never gonna do,train,iSarcasmEval
. @shopDisney thanks for shutting down the only Disney Store in northeastern Ohio. The other two stores went out of business yrs ago. It’s not the same with shipping costs online not to mention LE doll sales are an absolute nightmare online. So unbelievably disappointing. 💔,train,iSarcasmEval
"just booked to see David Gray too,,, am i 40",train,iSarcasmEval
I may look happy on the outside bit on the inside I'm dying #painful #sad,train,iSarcasmEval
"Queer marriage is not allowed because it doesn't follow the ""age-old customs, rituals, practices, culturla ethos and societal values"", but all cis-men can commit infidelity with no consequences. Happy fuckin Pride people 🙃 #SupremeCourtofIndia",train,iSarcasmEval
@tylerthecreator @staci_zr can i use this chiamus for my ap lang speech about parallelism lmao,train,iSarcasmEval
also if u met dream on hypixel.. congrats ! im not jealous at all haha im totally normal haha Good For You .. haha,train,iSarcasmEval
Feels like 10 degrees!! Wow catch me in South Parks soaking up the rays 😎 https://t.co/EpgwTLgICW,train,iSarcasmEval
i’m sure 14 year old me would be delighted to know that 22 year old me is still getting stressed over websites crashing for bands🙃,train,iSarcasmEval
When you order books from the bookstore a week in advance and then you wait three weeks for ONE book and when you finally email them about it they reply and say they cancelled your order 😍🥰,train,iSarcasmEval
"Leave it to the nice people of Hutch to yell at me to ""eat shit"" while I run. Jokes on them, I do.",train,iSarcasmEval
6 more hours and then a whoppingly massive 2days off work! wowzers!,train,iSarcasmEval
me not turning up to work is a feminist movement actually,train,iSarcasmEval
Good news: Played out of my mind from the sand traps today. Bad news: Was in the sand traps a lot today.,train,iSarcasmEval
ik the republicans r like tryna say they won but idk why they don’t just settle this w an instagram poll??,train,iSarcasmEval
"@banalincolnlogs red among us guy, hes hot dont come for me",train,iSarcasmEval
"Stimulus checks should come with hand lotion, a face mask, and a bonus for every Instagram bingos you do",train,iSarcasmEval
hey guys! i’m so happy to announce that i’m officially brain dead ☺️,train,iSarcasmEval
Did you know? Abuse and alcoholism and depression will just ✨disappear✨ if the country is opened completely during a pandemic? #trumpisanidiot #bidenharris2020,train,iSarcasmEval
safe to say my life is a lot better https://t.co/pE5isUMOpk https://t.co/K2hep49TcF,train,iSarcasmEval
Currently bombing aces on the volleyball court and math tests in the classroom. #StudentAthlete,train,iSarcasmEval
If anyone wants to know how my nights going I tried making a private story on Snapchat and instead made a group chat... I hate my life,train,iSarcasmEval
"it’s amazing how many people get mad at you for simply Raising Questions, such as “what if the vaccine makes your balls inflate like helium balloons and cause you to float away to never be seen again”",train,iSarcasmEval
My favorite part of flying is getting to walk past the rich people to get to my poor person seat.,train,iSarcasmEval
"Ah yes, back spasms when I take a deep breath. This is ✨28✨.",train,iSarcasmEval
being single during college must be really fun when ur nOT IN A GLOBAL PANDEMIC,train,iSarcasmEval
"fisher: ""i thought you said aids"" me: ""yeah rachel really loves aids""",train,iSarcasmEval
Why is this 30 yr old man trying to flirt w/ me at this wedding and talking about getting away with dating younger girls. Sir I will call the authorities,train,iSarcasmEval
When I grow up I wanna be a sociopath,train,iSarcasmEval
wearing a cute jumpsuit is all fun and games until you have to go to the bathroom,train,iSarcasmEval
"I've made a roommate complain tweet every day, and he's done another thing, but I'm tired of negativity so I'm gonna list all the things I like about him! Here they are:",train,iSarcasmEval
"Ah yes, another afternoon with the WiFi down...really makes working from home that extra bit more enjoyable :)",train,iSarcasmEval
jack antonoff once ur done with clairo i’m right here sweetie,train,iSarcasmEval
Why am I not famous yet cos I’m actually fucking hilarious,train,iSarcasmEval
My life has gone from ‘drive it like you stole it’ to ‘drive it like your toddler needs the toilet’.,train,iSarcasmEval
"Don’t keep up with the Joneses, the Joneses are broke!",train,iSarcasmEval
"I see Dettol, Toilet Duck and Zoflora are all trending on Twitter. Now why could that be... #TrumpPressBriefing",train,iSarcasmEval
I've just got up at five forty five on a Sunday to watch the Japanese Grand Prix as a Ferrari fan and saw Vettel jump (and then fuck up) the start and Leclerc tangle with Verstappen on turn 2. Lovely stuff.,train,iSarcasmEval
"@Showmasters are basically thieves, quoting it’s in the small print so you can’t have a refund. Dates moved from summer, to a 4 hour slot on a Friday evening in November which is about as much use as a telescopic sight on a knife.#WeWantARefund @UKConsumerRight",train,iSarcasmEval
it’s so rude that i’m not at the beach right now,train,iSarcasmEval
Sleep? What’s that... I’ve never heard of it?,train,iSarcasmEval
"Me: You know, for someone with chronic anxiety I think I'm dealing with this pandemic quite well. Also me: Wow, I forgot how good a freshly shaved undercut feels!",train,iSarcasmEval
Love it when I forget to transfer my rent money over from my savings 🥴,train,iSarcasmEval
"Incredible scenes in Nottingham, as it begins to rain for the first time this hour.",train,iSarcasmEval
@MatthewStadlen @sajidjavid Thank you so much for your insightful thoughts- I’m sure @sajidjavid is overjoyed that you “quite like him”,train,iSarcasmEval
love how badly i embarrass myself on nights out how iconic X,train,iSarcasmEval
breaking my strict buying hiatus to get lisa’s album? it’s much more likely than you’d think,train,iSarcasmEval
"It was almost 70 degrees today but no, global warming doesn't exist 😒",train,iSarcasmEval
"According to my road rage, the word of the day is asshat",train,iSarcasmEval
Halfway through snowboarding day 1 and pretty sure I have fallen at least 69 times 😆♋️,train,iSarcasmEval
I'm A VeGeTaRiAN BuT I eAt FiSh 🙃🙃🙃,train,iSarcasmEval
Top 3 ranked video games of all time: 1. Minecraft 2. Roblox Paintball 3. Every single Just Dance,train,iSarcasmEval
"Serious question: if I nick a car and elope to Gretna Green to shut my family up, how long will I do in prison? Can I finish my PhD there? Think I've got a plan, lads...",train,iSarcasmEval
"Afghanistan just completely crumbling after spending over 2 trillion USD and 240,000 human lives over the course of 20 futile years of American occupation sounds amazing in theory, sure. But how are we gonna pay for it? What’s next, chocolate milk for everybody?",train,iSarcasmEval
Petition to call erections social dickstanding,train,iSarcasmEval
"@faith_hi @PalmerReport Ahh yes, quick peek at your page and you obviously know everything. Thank you for the enlightenment.😂",train,iSarcasmEval
"Ok, so @bytereview and I decided to record on the evening of the 6th, just as absolutely nothing newsworthy was happening! Perfect timing as always, to go over some of the best ITSBUPs of 2020 - and how we're settling into 2021! Listen: https://t.co/oaPLwrtcHP https://t.co/za3EHuqcWh",train,iSarcasmEval
"I asked my husband to buy dog poo bags when he went out earlier and they'd sold out. So instead of going to another shop, he bought bin bags. So now I still can't clean up after the dog but if I happen to buy a donkey and need to clean up after that, I'm sorted.",train,iSarcasmEval
sure you have a paying job but are you a Silver Chick Fil A Rewards member? 😤🙄🧐,train,iSarcasmEval
"Me: ""Did you you find everything you were looking for?"" Customer: ""why, are you hiding something?"" Me: ""aRe YOu HIdiNg sOMetHinG?""",train,iSarcasmEval
mentally I’m hiding in the walk-in,train,iSarcasmEval
Love seeing 15 year olds being vaccinated in the states when I have to wait till the end of June for my first one,train,iSarcasmEval
oh you’re just friends? why’d u shave then?,train,iSarcasmEval
remember when everyone’s feeds were just retweeted giveaways looool those were the days,train,iSarcasmEval
why are the olympics worried about athletes having too much sex when the curling teams don't even compete in the summer games,train,iSarcasmEval
Semester hasn’t even started and I’ve already had two breakdowns :) this is gonna be a fun one!,train,iSarcasmEval
When you get woken up at 3am because of aftershocks from an earthquake 👍😩,train,iSarcasmEval
If you don't like Lemonade you're an extremist 🍋,train,iSarcasmEval
Agreeing with the right to dunk on the centre is the real dialectical materialism,train,iSarcasmEval
my favorite gay drama is the social network,train,iSarcasmEval
tex-mex restaurants that stop serving breakfast tacos after 10:30/11 am are the reason i have trust issues,train,iSarcasmEval
I love giving a lecture to grad students on a topic I don't fully understand at 9:30am &lt;3 i need a coffee lmao,train,iSarcasmEval
Woke up at 3 am with a MAD craving for pickles. I guess that means I'm expecting!,train,iSarcasmEval
babe stop i’m about to gleek,train,iSarcasmEval
"@izzychari @mikeduncan “Please get a free shot or take a once weekly nose swab. We will literally pay you to take time off to get the shot”- Czar Nicholas, King George, Charles I, and so on.",train,iSarcasmEval
High stakes legos,train,iSarcasmEval
It’s so easy to have the best day until someone lies to your face 🥰❤️😭,train,iSarcasmEval
thank you @Ranboosaysstuff i just shit my pants 👍very cool #ranbooemail,train,iSarcasmEval
@DetroitPistons @PistonsGT Cade Cunningham is my favorite basketball player please 2K 🙏🙏🙏,train,iSarcasmEval
Rubbing my tears into my face is part of my skincare routine lol,train,iSarcasmEval
Broke: doing assignments in order of due date Woke: doing assignments in order of priority Wired: spending 20 minutes on each class at a time and just go down the list,train,iSarcasmEval
I got asked if I needed a kid’s menu today...21 is treating me well 👶🏼,train,iSarcasmEval
Funny how my phone starts turning into a piece of shit when the new iPhone comes out 🤔,train,iSarcasmEval
@AvatarOdin @aubviouslynot sounds like the american dream ngl,train,iSarcasmEval
People who think cancel culture goes too far never learned about excommunication,train,iSarcasmEval
i’ve had more interesting conversations w my wall but alright,train,iSarcasmEval
love seeing that my mom has officially started posting about the horse worm medicine being good for covid actually and they’re just trying to make it look bad bc it’s so cheap 🤪,train,iSarcasmEval
Idk how some girls put on makeup everyday. Is it just to take selfies or have you just not discovered netflix yet?,train,iSarcasmEval
"Well, what a way to ruin Easter. Thanks @CadburyUK https://t.co/zkkguY2g6M",train,iSarcasmEval
@terryflewers @lfcsonny Has he given any clarification regarding what age Harvey Elliott needs to be before you can tackle him?,train,iSarcasmEval
The high tomorrow is 45! Anyone wanna go to the pool?,train,iSarcasmEval
"always remember thank your Alexa, just in case the AI take over one day",train,iSarcasmEval
just your casual reminder that #AllBirthdaysMatter and I can’t stress this enough✨fuck trump✨,train,iSarcasmEval
@majornelson Sounds like a strong contender for GOTY,train,iSarcasmEval
shoutout to the assholes at basically every gas station rn filling up multiple gas canisters when i don’t even have enough gas to get home... 🥲,train,iSarcasmEval
Just tested my egg drop at my apartment complex and it fell on a man’s head :) but no worries he was bald so the yolk just wiped right off,train,iSarcasmEval
Being a business major is legal conversion therapy and must be stopped,train,iSarcasmEval
"Fav this and I won't send you a name of a random person, I'll just get a fav on my tweet",train,iSarcasmEval
i’m dying,train,iSarcasmEval
I love health insurance so much fun paying $100’s a month and then $100’s for basic medical services that somehow aren’t covered. #America,train,iSarcasmEval
Old people don’t deserve rights,train,iSarcasmEval
hot girls have tree shaped dents in their rear bumpers ❤️,train,iSarcasmEval
"oh also, my song with my middle school boyfriend was “143” by Bobby Brackins!! i really peaked geez",train,iSarcasmEval
I picked next year's musical already...Electro City. Obvious choice.,train,iSarcasmEval
I just saw the Matt Hancock video and now I’m scared that in ten days time he will climb out my telly,train,iSarcasmEval
everyone say a prayer to the insurance gods that they approve my heart monitor so that i may continue to have the privilege of being alive. i love the US health care system,train,iSarcasmEval
Why are toddlers allowed in public spaces,train,iSarcasmEval
How nice of tonsillitis to join me on my holiday 🖕🏻🖕🏻🖕🏻🖕🏻,train,iSarcasmEval
wait what the fuck that solo yolo is mad?,train,iSarcasmEval
I accidentally made butter when trying to whip cream this morning and I think that’s a great representation of how I’ve reached my capacity for working from home,train,iSarcasmEval
Maybe if I watched suits in year 12 I’d be studying law rn,train,iSarcasmEval
"will never understand why ppl do meth,, just buy a shit tonne of incense in bulk stupid",train,iSarcasmEval
Ahhh I get to listen to a cement mixer all day. Awesome.,train,iSarcasmEval
You know the one thing I really wish I could see? I want a Piers Morgan esque interview with #LilleeJean where she's forced to explain her shitty behaviour and see if she storms off or comes up with some BS to make her look cute and innocent. It'd be a fun watch.,train,iSarcasmEval
"wow, ok, unfollowing now. Was a big fan of putting your left leg in, but just heard about taking your left leg out",train,iSarcasmEval
Only posting selfie’s?? On YOUR own Instagram account?? Crazy right,train,iSarcasmEval
do people with clear skin feel accomplished?? superior??? comfortable in their own skin???? what’s that like lmfao,train,iSarcasmEval
So nice of my family to decide that I’m hosting a Mother’s Day brunch for everyone at my house. https://t.co/DWZI9ltALK,train,iSarcasmEval
yo @claires do yall do hysterectomies?,train,iSarcasmEval
@JacobWohlReport Do I need to aquire a wife before this happens or will I be assigned one?,train,iSarcasmEval
I get a lot of boy who cried wolf vibes from the Red Cross and their emergency blood shortages all the time,train,iSarcasmEval
Update: holding hands with your mom and walking around campus also shows you're prepared for the independence college offers,train,iSarcasmEval
"I might be rubbish at driving, and have a less than stellar career, but I’m really good at making Spanish omelette. So, you know, there’s that.",train,iSarcasmEval
So the Scottish Government want people to get their booster shots so badly that the website doesn't even work,test,iSarcasmEval
"Sometimes I lay in bed and think about how today will be the day I make my life better. Exercise, drinking water, eating healthy. Then I wake up.",test,iSarcasmEval
"Max Verstappen is such a clean driver, he never makes dirty moves when racing.",test,iSarcasmEval
Boris looked so statesman-like in that public address,test,iSarcasmEval
"Wow the Prime Minister is so good at the telling the truth, yet again he just can't stop telling the truth about Brexit!",test,iSarcasmEval
I’m soo excited to cook a three course Christmas dinner for my whole family this year!,test,iSarcasmEval
It makes me feel a lot safer knowing the MET Police don't investigate crimes after they happen.,test,iSarcasmEval
my life is great lmaooooo.,test,iSarcasmEval
Thoughts and prayers will actually work this time. Trust me,test,iSarcasmEval
"if you listen carefully, you can hear me not carig",test,iSarcasmEval
"Yeah, feeding children sweets before bedtime is an awesome way of getting lots of sleep",test,iSarcasmEval
"The Spanish National Ballet company rehearsing wearing masks: gasping, falling about clutching their chests unable to breathe after 2 minutes. Makes sense that you'd refuse to wear a mask in a bus for five minutes to protect others. Totally. Carry on.",test,iSarcasmEval
I just can’t wait to spend time with my family over Christmas! I just love being the only single one and the many many questions asking when will I get a boyfriend 🙄,test,iSarcasmEval
Been looking forward to today all weekend. Mondays are the best. I feel fresh and ready to start the week. SAID NO ONE EVER!!,test,iSarcasmEval
"Politics is like waves, they depend on the wind where it blows",test,iSarcasmEval
"There are a bazillion things to do in my small town of Wadsworth. One thing you can do is ride horses on the moon and sing songs with Abe Lincoln in the bar. On top of that, I recommend eating a hundred gallons of ice cream at any local ice cream shop downtown. Some of the flavors that they have are out of this world! Additionally in the winter, I like to go over to a place called kill hill next to the main highway. The hill is up extremely high, you can see the whole world from there! It has to be at least a million feet tall!",test,iSarcasmEval
Government- “all over 40’s must have booster jab by end of January!” NHS website *rubs hands together in glee* “oh yes? I think not…!” 🙄,test,iSarcasmEval
"Dry your eyes mate, they're only trousers",test,iSarcasmEval
"It makes perfect sense that the government is forcing face masks in shops, but all drunk people in bars are immune from covid apparently. Moral of story, alcohol cures everything.",test,iSarcasmEval
Really glad to learn that the police operate purely in the style of 'Minority Report'. I was worried they might start looking into crimes AFTER they happen. Phew,test,iSarcasmEval
I really haven't a clue why people think GP's aren't working when you look at all the supportive news headlines around!,test,iSarcasmEval
"Because Karen from YouTube knows more about science than, you know, actual scientists",test,iSarcasmEval
Isn't it just amazing how competent the government are. You know everything is fine when we have a trustworthy PM who doesn't blatantly lie through his teeth. Everything is so great right now!!,test,iSarcasmEval
Boris Johnson is a great leader and all his team stick to the covid rules rules,test,iSarcasmEval
Another gorgeous day in sunny Accrington!,test,iSarcasmEval
So pleased to have another December day in the office with the AC blowing. How many coats will I need today? 🥶⛄️,test,iSarcasmEval
"yeah man just walk right in. clearly you can read the sign that says ""only two patients inside at once"" when there are already four people in here cant you",test,iSarcasmEval
"do love third year uni winter break, three things to do over the holidays while we have had no due dates so far this year yet 😐",test,iSarcasmEval
"I’m heading out to snag my COVID-19 inoculation! Thanks government mandate! Super pleased to be doing my part even though the vaccines do not stop one from getting the disease, they do not stop the spread, and it leads to a life of non-stop useless boosters! Woo-hoo!",test,iSarcasmEval
You look fantastic in that new dress. It shows off your figure.,test,iSarcasmEval
"Yes, I would absolutely love to see how my favourite game company is going down the drain. I TOTALLY don't want them to pick themselves up and make better products. Not at ALL.",test,iSarcasmEval
What’s one of the best parts of parenting you ask? Putting your hand down and finding it’s wet from an unknown liquid 😩😩😩,test,iSarcasmEval
I woke this morning to another Monday of fine bright warm sunshine here in Norfolk. Just what you need to put you in the right frame of mind for the week.,test,iSarcasmEval
"Oh thank you irrelevant company 700 another christmas advert. Just what I need, another feel good marketing campaign to buy things i dont need.",test,iSarcasmEval
"Nearly a week since my tracked parcel was sent off. Still at the same Post Office I dropped it off at apparently... What excuse do you reckon they'll use if I chase it up? COVID, Black Friday, Christmas, Other? Place bets NOW!",test,iSarcasmEval
yes it makes perfect sense for harry and ginny to get together. it's not like she was the most boring person ever or anything,test,iSarcasmEval
I don't know. Why wouldn't I actually love people dying everywhere with none of the people that can help doing anything about it?????,test,iSarcasmEval
So kind of the government to introduce 900 new covid tests right before I fly to Paris x,test,iSarcasmEval
"The irony of being asked to write an ""immaginary"" sarcastic tweet with ""imaginary"" incorrectly spelled...",test,iSarcasmEval
"""Does Salah want to score today, even my grand mother could have scored that open goal!""",test,iSarcasmEval
"Michael Carricks interview after the Chelsea game, ""i thought we were unlucky not to get the 3 points today"" 3 Points, i am sure you have to start shooting to score goals to win games !!!",test,iSarcasmEval
"Oh, no, totally, don't wear a mask and cough and splutter around me. COVID'll be a fun little time..",test,iSarcasmEval
Can't wait to sit at my desk for 7 and half hours. Back working harder than me...,test,iSarcasmEval
I was waiting at the bus stop when the driver pulled up and said you waiting for a bus? I said no mate im waiting for a plane. He drove off.,test,iSarcasmEval
I swear stupid people were put on this earth to test my anger management skills,test,iSarcasmEval
You can tell ted cruz cares about Texas. He came back from Cancun to be with his fellow Texans,test,iSarcasmEval
"Absolutely love it when I stay late at work to take someones photograph, remind them twice, and then they forget and leave before I can take it 🙂",test,iSarcasmEval
"How kind of the Conservative party to cancel their Christmas get together this year, I mean they didn't have enough parties last year, did they?",test,iSarcasmEval
It's so weird how I look ugly in photos but I also look ugly in the mirror,test,iSarcasmEval
"Anthony Taylor is such a fair referee, I wish he was put in charge of more chelsea matches",test,iSarcasmEval
Wow really loving this new job I mean constantly being shouted at and barely earing a fiver an hour why did I not sign up earlier!!!,test,iSarcasmEval
i am sometimes one of the most blondest people out there its a pity my hair colour doesnt match which would make it the perfect combo haha,test,iSarcasmEval
can’t believe the covid vaccine made me lose a limb. i thought being tracked was the only side effect,test,iSarcasmEval
Really impressed with the clear and unified messages coming from the government re Omicron and socialising over xmas!!,test,iSarcasmEval
"So the Lions fans think winning one game will change anything? Sure, and I have a bridge to sell you. :)",test,iSarcasmEval
"So big BJ threw an Xmas party in lockdown while nan spent it on her own, oh well I'm sure she had a great time anyway.",test,iSarcasmEval
I enjoy being at work and can’t wait to come in everyday and see all my happy colleagues,test,iSarcasmEval
I can’t wait for Boris to wait until after Christmas to lock us down again so that I can’t go to Poland like I’ve been waiting for for half a year!,test,iSarcasmEval
"I love waking up to start work at 5am everyday. Even better when its Christmas, because there's nothing I love more than being surrounded by stressed out customers over food!",test,iSarcasmEval
"Yes, that's fine. Don't wash your hands when you come out of the gym toilets and go and touch all the weights. We're not in a Pandemic or anything...",test,iSarcasmEval
Love it when someone with no mask chooses to sit next to me on the bus...😑,test,iSarcasmEval
"Salah and Mane can’t score for the life of them today, good job we’ve got Origi and Minamino to come on and make a difference!",test,iSarcasmEval
"to all the anti-vaxxers out there, may you live every day as if it is your last... and improve the gene-pool.",test,iSarcasmEval
Tips in hospitality during the festive season make it all worth it!,test,iSarcasmEval
So you think the vaccine is a bad idea then. Glad you have that PHD in immunology!,test,iSarcasmEval
"I mean, all I teach is critical race theory bc I’m a traitor to my race",test,iSarcasmEval
I went to the best restaurant today for dinner. It was absolutely amazing. My steak was cold and the fries were rock solid. I expected my food to be mouth watering and it sure was when I had to wash each bite down with my drink.,test,iSarcasmEval
"I am sorry, I forgot, I only exist when you need something!",test,iSarcasmEval
"It would seem like Microsoft keep going through the emo stage in life. They're blue screen of death keeps turning black, started in 1999 then again in 2011 and now again in 2021",test,iSarcasmEval
"nothing like being down £20 a week - choosing between food and bills this christmas, thanks DWP! <3",test,iSarcasmEval
"Wow, can’t wait to go into ANOTHER lockdown 🙄",test,iSarcasmEval
Thanks Boris Johnson for restricting travel abroad (again) due to the new virus strain and your concern for the public health. I heard next week your banning fast food beacuse thats just as dangerous right?,test,iSarcasmEval
I have every confidence in our government’s Covid action plan this Christmas 🙄,test,iSarcasmEval
I love that we have to always pay by cash at the barbers. Sure would be a lot easier if they took card...,test,iSarcasmEval
I'm so glad that the police have decided that historical crimes are no longer of interest; there's a couple of my haircuts from the early 90s that I can now forget about...,test,iSarcasmEval
"Another great patch guys, you fully used the test server!",test,iSarcasmEval
Love it when the milk is out of date when you buy it,test,iSarcasmEval
"Aye these vaccines are dangerous to your health like. But see the charlie that you put up your nose at weekends, totally fine.",test,iSarcasmEval
Love it when I get disturbed three times in the bath to be asked where things in the house are!!,test,iSarcasmEval
"This weather is really making me want to put shorts on, flock to the beach and get the deck chair out.... Yeah right!!!",test,iSarcasmEval
"If you truly love someone, just remember this. They will dump you for someone better :)",test,iSarcasmEval
Sure you do! Doesn't everyone?! I do it everyday!!!,test,iSarcasmEval
I think we might want to worry a little more about the risks posed by the Omicron variant than fretting over a Zoom quiz that took place a year ago. Just a thought.,test,iSarcasmEval
"Sure, vaccines make no difference to Covid spread; that's why the hospitals are full of unvaccinated people. Are you able to do the maths?",test,iSarcasmEval
"Love how modern society has the same rules for everyone, regardless of your job or background. Really brings the country together!",test,iSarcasmEval
"""Do a PhD, it'll be fun and rewarding,"" said no clinically sane person. Ever. I repeat. Ever.",test,iSarcasmEval
Breaking news: Pubs and bars the latest cure for COVID.,test,iSarcasmEval
"Why does Ramish think he can stop my kitchen rennovation because of the noise? His kids are not exactly quiet or competent when they play their musical instruments, lets just say my dog makes a better sound.",test,iSarcasmEval
"McDonalds should be rebranded Fast Food & I'm lovin it?!? You having a laugh. 20 minutes wait, cold food and my burger looks like its been in a fight with Mike Tyson",test,iSarcasmEval
"Vaccine mandates are obviously great things for the good of the people, cause nothing bad has ever happened by forcing people into things.",test,iSarcasmEval
Oh what a surprise BBC weather says it's raining in Manchester! in Manchester!,test,iSarcasmEval
Boris johnson must host the best parties,test,iSarcasmEval
Welcome to the UK there is no money to allow the poorest people in the country to maintain £20 a week to aid living but were here to write off £4.3billion in fraud money.,test,iSarcasmEval
I live for the great British weather!,test,iSarcasmEval
It’s actually really easy to get into the mindset of a Tory. All I do is smash my head into a wall until I bleed and then slur incoherently about social mobility and England before stuffing handfuls of loose change into Tim Martin’s hands and kick a homeless person in the jaw.,test,iSarcasmEval
I really love finishing my term with an period of enforced isolation thanks to the amazing governments controls on covid in school.,test,iSarcasmEval
Politicians are so honest it melts my heart,test,iSarcasmEval
Want to guarantee that you'll never lose your job? Just become the Prime Minister and party in a national lockdown.,test,iSarcasmEval
I love a Monday morning so glad the weekends over!,test,iSarcasmEval
I just love going out in the rain. It is so nice going to the park when it is pouring with rain. It is so cool to get mud in your hair and your socks drenched. I love it.,test,iSarcasmEval
so lovely to see that the government continues to prioritise the safety of disabled people,test,iSarcasmEval
I would like to offer my complete support for the new rules as they have obviously supported the public by sticking to them at all times,test,iSarcasmEval
"I think men are better than women, they provide for us. We should thank them more often for being protectors.",test,iSarcasmEval
"You were given the option to be born into a more financially stable family at conception, but chose not to avail yourself of the opportunity provided; perhaps you should now take personal responsibility for that decision, and deal with the consequences?' 🎩",test,iSarcasmEval
"such a good morning, computer froze, update then crashed my laptop, just spilt a cup of coffee. Can the week honestly get any better than this!!",test,iSarcasmEval
So glad the christmas lockdown rules didnt apply to our poor hard working government,test,iSarcasmEval
The Prime Minister is an honest Injun as honest as midsummer's day is long,test,iSarcasmEval
"My sisters kid, when we were playing in the living room, told me that I look like ghoul due to my baggy eyes. I love children so much, they make me feel so appreciated and loved, always say the kindest things!",test,iSarcasmEval
"Don't you just love Monday mornings, they are even better when its freezing cold and you have an uncooperative child too!",test,iSarcasmEval
Nice to see the sheep getting their boosters to fully protect themselves,test,iSarcasmEval
Good to see that our rulers are trying to show that they are just like us really! *sniff*,test,iSarcasmEval
"Yes you look fantastic for your age, thank the lord for filters hey!",test,iSarcasmEval
I just love the weather in Edinburgh have to dress for every season peeing with rain this morning now beautiful blue skys!! Just love getting soaked 😤,test,iSarcasmEval
Wow I love it when rich people get stuff for free.,test,iSarcasmEval
The joys of academia; spending 2 whole weeks to be working on an application to be told in feedback that it scored strongly (but didn't get it),test,iSarcasmEval
Another jab to protect myself? More pokes I get I’ll pop,test,iSarcasmEval
I'm so glad that smart people are still refusing to wear masks in shops. Thanks to their selflessness it highlights that if we just ignore something it'll go away – don't know why we haven't all tried it.,test,iSarcasmEval
"I absolutely loveee not getting a graduation ceremony after I spent 3 years on my degree and ended up over £50,000 in debt",test,iSarcasmEval
"Wow, glad I spent my entire Christmas away from family last year.",test,iSarcasmEval
I love working in the office instead of home. I wish they did a wax melt of Bob's BO so that I could smell it at home too.,test,iSarcasmEval
I love it when my neighbours children block the drive because they can’t cook their own meals every single day!!!,test,iSarcasmEval
I love how Instagram can motivate people. I saw a post by Kim Kardashian and I was motivated to delete my account.,test,iSarcasmEval
"Really looking forward to going Christmas shopping with my anti-vax, anti-mask, global conspiracy believing sister this weekend.",test,iSarcasmEval
"I really loved the drive into work today in the dark, wet, heavy rain",test,iSarcasmEval
"Hi John, thank you SO MUCH :-) for the text last night. ordering (!) me back to work off holiday for this morning as someone else is sick. Sooooo Sorry :-( that I am in Beijing with an 8 hours time difference and couldn't make it! I'll try harder next time.........",test,iSarcasmEval
Life at the moment is fantastic. I am really enjoying the increase in restrictions due to the omincron variant and can't wait to go shopping whilst wearing a facemask.,test,iSarcasmEval
I LOVE paying so much for gas. Really feels good to help out big oil.,test,iSarcasmEval
I absolutely love it when its pouring down with rain on a Monday morning and I forget my umbrella!,test,iSarcasmEval
"Omicron: Cases are going up, run for the hills.",test,iSarcasmEval
Really impressed at human evolution - Covid has made our bodies adapt so we breathe out our chins. Darwin would be so proud.,test,iSarcasmEval
Can't wait to go for my first driving lesson today. The thought of getting into a metal death trap that kills thousands of people every year just fills me with joy!,test,iSarcasmEval
Boris Johnson is entirely trustworthy and honest and there was obviously no Christmas Party in Number 10 this time last year,test,iSarcasmEval
The contract extension with James Franklin will absolutely work out in Penn State's favor.,test,iSarcasmEval
I can't believe omicron is an anagram of no crimbo! The government designed this covid variant just in time for christmas!,test,iSarcasmEval
You on your best behaviour is me on my worst,test,iSarcasmEval
I simply love it when I get my Deliveroo and they have given me a whole different person's order! So fun!,test,iSarcasmEval
"School sends out a newsletter* So now I need a whiteboard to track ALL the school festive activities!! Mufti day - don’t forget to make a payment for this, carol concert, early school closure etc Does it ever stop!",test,iSarcasmEval
"Yes of course, Boris. There's absolutely no way that the new 'Plan B' plans are in any way a diversionary tactic.",test,iSarcasmEval
I wonder if there’s a parenting manual for schools to hand out?. Some parents could really use the guidance…,test,iSarcasmEval
I wanted to stock up on office supplies at Tesco but all I could find in the aisle was wine,test,iSarcasmEval
I think women should be able to join men's sports teams and vice versa. I really don't see any problem with for example having a 5 foot 3 inches slim women versus a 300 pound heavyweight boxer because i feel like women are very much equal to any man. Even much faster and stronger men. If anybody takes offense to my point then they need to reevaluate their lives as their are no man that could do anything better than a lady.,test,iSarcasmEval
I am just loving life in Covid times. Long may it last!,test,iSarcasmEval
Birmingham city football club are definitely getting promoted to the premier league this season!!,test,iSarcasmEval
"Disappointed at Boris, no cheese or wine visible at last nights announcement, not even a party hat in sight",test,iSarcasmEval
Biden is a great President like none other we have had,test,iSarcasmEval
"Whoever thought that making digestives smaller was a good idea, thank you ever so much!",test,iSarcasmEval
"Wow, work is just so rewarding and fulfilling right now",test,iSarcasmEval
"I'd like to thank my current employer for making me feel accepted and valued. It's particularly nice that, whenever I have some suggestions for them, that they seriously consider them and don't just automatically put their fingers in their ears and shout 'I CAN'T HEAR YOU'. Metaphorically.",test,iSarcasmEval
Bit odd for someone to resign over a party that didn't happen *eye roll*,test,iSarcasmEval
Really really happy to be woken up at 6:30am again by the next door neighbour’s dog barking. Thanks a lot for that I appreciate it loads🤨,test,iSarcasmEval
If only we had another lockdown I'd love to be locked in my room for another 8 months,test,iSarcasmEval
It’s good to hear once again how the government are setting a great example when it comes to following their own COVID restrictions.....,test,iSarcasmEval
Everton are doing really well at the minute! Really happy with their efforts,test,iSarcasmEval
love when my boss micromanaged me (:,test,iSarcasmEval
Boris Johnson is not a clown. The conservative party is not corrupt.,test,iSarcasmEval
Weathers wonderful today! 🌂🌂🌂,test,iSarcasmEval
Really happy that the weather has stayed like this for the whole weekend,test,iSarcasmEval
"My favourite thing driving to work in the morning is how peaceful and slow everyone is. I love when people don’t know where they’re going, like they are just out for a stroll at 8:30 in the morning. It makes me so happy.",test,iSarcasmEval
"oh great, we have to wear masks and constant tests to protect our loved ones and others around us. being a human is so hard",test,iSarcasmEval
Oh yes thank you mr delivery man so much for delivering my important and fragile package by leaving it on the doorstep in the pouring rain!Very glad you didn'tring the bell or leave it in my safe place as suggested!,test,iSarcasmEval
love it when R gives me the 500th error code of the day,test,iSarcasmEval
Sooo HAPPY that my back had decided to ✨spasm✨ at the start of my week off from work. Adore walking like the old hag from Snow White 🙃,test,iSarcasmEval
"Know what's amazing? Waiting all day for a package that never arrives. Even better when you get a photo of the package at a random front door. ""Your package is now with Hermes"", oh great.",test,iSarcasmEval
Top 10 pools in my book: 1. Swimming pool 2. Paddling pool 3. Above-ground pool 4. Family pool 5. Architectural pool 6. Indoor pool 7. Lap pool 8. Olympic size pool 9. Natural pool 10. Salt water pool Sorry Liverpool you are not top 10 pools in my book 😭😭😭,test,iSarcasmEval
"When someone puts on too much perfume I would say nice perfume, how long did you let it marinate???Tt",test,iSarcasmEval
"Just finished the most wonderful 12 hour shift!! I had no breaks at all, how delightful! I absolutely LOVE standing on my feet all day long, running on 6 hours sleep. I live for this.",test,iSarcasmEval
Everybody loves Christmas! It such a great time to be jolly!,test,iSarcasmEval
So glad boris protected our nhs by having his own Christmas party,test,iSarcasmEval
The omicron variant has decided to give us all a wonderful gift for Christmas. For that one day it has chosen to not be spread between people at all. This gift will make me feel a lot better about being around loved ones who still refuse to get the vaccine or to wear a mask at the very least.,test,iSarcasmEval
Oh boy I can't wait for the next general election in which a population that has been completely screwed over by the Tories somehow manages to forget all of this and keep Boris Johnson in power! I love our smart country!,test,iSarcasmEval
So the PM has finally given his verdict on his COVID NHS stay in hospital. Don't understand why nurses would not want his pay recomendation.,test,iSarcasmEval
Wonderful human population and their caring nature to animals to continue to drink their milk and eat them day in day out!,test,iSarcasmEval
"Boy, I sure do love being constantly misgendered by my cis relatives at family gatherings 🙃",test,iSarcasmEval
"Well, at least the covid situation seems to be improving in time for christmas...",test,iSarcasmEval
Love how politicians are exempt from social distancing and all other restrictions placed on the general public,test,iSarcasmEval
If only clever people actually had the ability to be clever and not repeat everything they think they know,test,iSarcasmEval
Birds are not real and you cannot tell me otherwise.,test,iSarcasmEval
West Ham beat Chelsea? Really?? Did that really happen or did I dream it? I for o e am in shock! I never thought I would see the day!,test,iSarcasmEval
"Masks work, that's why we don't have to wear them in pubs but do in shops!",test,iSarcasmEval
Let's cut funding to social services. What could possibly go wrong,test,iSarcasmEval
"So hard to book a jab, turn up, be jabbed, wait a bit and then get on with your life. Why bother?",test,iSarcasmEval
The new intel UHD gpu is so powerful! Think of all the atari and nes games we could run at 4k 30FPS! Wow!,test,iSarcasmEval
I think pigs will fly before people start pulling their fingers out at work!,test,iSarcasmEval
I see the govt has run out of lateral flow tests. What a shock.,test,iSarcasmEval
Love it when you clearly make a restaurant aware of dietary conditions and they ignore it 🥲,test,iSarcasmEval
"Ah, we really needed that vaccine booster address from Boris Johnson, and it wasn't ANYTHING to do with getting the media to report on something else other than the Downing Street Christmas parties.",test,iSarcasmEval
Having the worst time on holiday,test,iSarcasmEval
You have to love politics - all talk and no action.,test,iSarcasmEval
"Sharing is caring, I'm sure your 42 followers wouldn't have slept tonight not having this update from you⸮",test,iSarcasmEval
"So Boris Johnson has decided to join the police this morning - he looked great in the hat. I think he will make a very competent police officer, indeed!!",test,iSarcasmEval
"Climate change isn't real. How could it be with us having the most hurricanes in recorded history, deadly tornados, and wildfires 🙄",test,iSarcasmEval
"Having a really busy day, might only manage the one box set today",test,iSarcasmEval
"I've just had the BEST day ever sorting out my referencing and annotations (-,-)...zzzZZZ",test,iSarcasmEval
"Turned out nice again, I see [insert photo of flooded house]",test,iSarcasmEval
Think we should all give Bo Jo a break. How could he have POSSIBLY known about the cheese and wine party going on in his own house?,test,iSarcasmEval
I see ITV have new drama starting next week think it's about a police detective with personal problems that i'll make change then.,test,iSarcasmEval
I think Boris Johnson deserves his parties after the great job he does for the country these past few years,test,iSarcasmEval
And the police clearly have nothing better to do,test,iSarcasmEval
"I love it when women are referred to as ""girl boss"" however men are just the ""boss""!",test,iSarcasmEval
"The fact that people still don't get that you need to distance, wear a mask, and generally pay attention to your hygiene this far into a pandemic gives me great confidence in the future of humanity.",test,iSarcasmEval
