text,source,split
"rt : tune in today's jmt for my interview w / robert spencer on "" the complete infidel's guide to iran ! "" "" """,ImplicitHate-stg2-irony,all
"race cucks like paul ryan should be banished to live in a "" diverse "" "" neighbrhd if they want t spout such nonsense """,ImplicitHate-stg2-irony,all
: nice to know that tsunami didn't dampen their energy to stay in the 7th century .,ImplicitHate-stg2-irony,all
selma plot . let me guess . completely virtuous black folks & the generous yankees & jews fight against the evil southern white man . yay ...,ImplicitHate-stg2-irony,all
some racist libtards say that if #trump wins they will move to #canada . that's pretty funny ! why move to a white country and not #mexico ?,ImplicitHate-stg2-irony,all
you'd think a jew would be more sensitive about people getting gassed .,ImplicitHate-stg2-irony,all
"who'da thunk it ? rt : here's a new one : "" obama is a jew "" "" via #tcot #tlot #wethepeople #becktips """,ImplicitHate-stg2-irony,all
all successful white men are nazis unless they push an anti white agenda . might as well embrace the fash,ImplicitHate-stg2-irony,all
milo boasts about getting railed for 18 hours by his black boyfriend . he bathes in blood . that's terrible optics in the south,ImplicitHate-stg2-irony,all
our people here in america who have no jobs . must come first red yellow black blue purple white skinny tall short fat americans,ImplicitHate-stg2-irony,all
the #cuckservative meme : we need to make sure this remains about jews | daily stormer #withjewswelose,ImplicitHate-stg2-irony,all
if you don't like white people you picked the wrong country to live in.bye !,ImplicitHate-stg2-irony,all
oh no if you're not black enuf am i not white enuf to be a racist this is a disaster . this is going to make skin color mean nothing !,ImplicitHate-stg2-irony,all
ooga booga where da white wimmin at,ImplicitHate-stg2-irony,all
whole foods jesus : god * * * white america : rev . jeff hood riles up the black lives matter crowd,ImplicitHate-stg2-irony,all
why is it the #jews & #catholics of europe wanted to come to a country founded by evil white nationalist protestants ? #scalise,ImplicitHate-stg2-irony,all
yes jail them so they can cost taxpayers more $ than their food stamps did,ImplicitHate-stg2-irony,all
yo c'mon back you little illegal aliens . we still got lots of us-born suckers we can smash out of line to make room,ImplicitHate-stg2-irony,all
you are right white people are very good how they gave almost all banking to a small group is amusing,ImplicitHate-stg2-irony,all
#howtospotafeminist their favorite colour isn't white .,ImplicitHate-stg2-irony,all
: guess i'll tell all my successful southern friends they owe it all to a slave they've never owned,ImplicitHate-stg2-irony,all
according to the #white house june is lgbt pride month . i'm a white southern christian . can i be proud of that ?,ImplicitHate-stg2-irony,all
and in an even bigger surprise : a jew calls another jew a jew to get another jew to cry -> wait for,ImplicitHate-stg2-irony,all
don't say that to him he is black what are you a racist smh whites are the worst,ImplicitHate-stg2-irony,all
i think we should also teach kids zionism and white guilt here in america,ImplicitHate-stg2-irony,all
if he were white the media would be demanding every white person in americapay the first black person they see 100 dollars,ImplicitHate-stg2-irony,all
imagine going back a millenia to find a civilization your ancestors created only to find out they were white,ImplicitHate-stg2-irony,all
still think sodomy is part of white identity ?,ImplicitHate-stg2-irony,all
"no ! remember hate means "" white hate "" "" racism means "" "" white racism "" "" & hillary is innocent no matter what . """,ImplicitHate-stg2-irony,all
"opposing jihad terror is opposing people who on average have darker skin than white people so it's "" racist "" "" . """,ImplicitHate-stg2-irony,all
alright ted kaczynski mail bomb your way to a white ethnostate . whil,ImplicitHate-stg2-irony,all
because it's totally out of the question for a muslim to kill white christians right ?,ImplicitHate-stg2-irony,all
hey wants to join as he / she is the perfect racist seems 2hate white people be gms'new friend,ImplicitHate-stg2-irony,all
if you skip class to protest trump you might be a college dropout soon anyway !,ImplicitHate-stg2-irony,all
jews are white nationalists now . who knew ?,ImplicitHate-stg2-irony,all
pretty sure he might be in the closet ! ! come on out buddy !,ImplicitHate-stg2-irony,all
recruiting for jihad in a place of worship ? shocking !,ImplicitHate-stg2-irony,all
somali tied to jihadists worked with two un agencies : and why not ? what does the un do these days but play t ...,ImplicitHate-stg2-irony,all
the only problem has with the kkk is that they are white :,ImplicitHate-stg2-irony,all
you better get right back on that liberal plantation or you are a traitor to your race . kidding . gawd i hate these lefties .,ImplicitHate-stg2-irony,all
"also using a lower case "" white "" "" might make you look less white surpremacycy . <-- is that even right ? """,ImplicitHate-stg2-irony,all
"rt nuance and objectivity ? sounds like you're "" enabling white supremacy "" "" mr . weigel . try hysteria and distortion . """,ImplicitHate-stg2-irony,all
. hung black men are a symbol of white supremacy too can we get rid of them as well ?,ImplicitHate-stg2-irony,all
jackin it to the statue of david to uhhh save the white race,ImplicitHate-stg2-irony,all
people should move to more diverse continents like africa ( 98 % black ) . they are so much better with human rights !,ImplicitHate-stg2-irony,all
see your point but she wasn't killed by a white policeman so bye laquesha . we have the statues and have to attack dolly parton too white .,ImplicitHate-stg2-irony,all
so proud of my girls ! i've always argued feminist victimhood tactics are one of the good kinds of identity politics .,ImplicitHate-stg2-irony,all
who called u a racist ? let me @ em . u know i'm called a racist everyday.they don't see that i despise his white half also . luv ya my friend,ImplicitHate-stg2-irony,all
wow you guys put up more posters ! truly a major victory for the white race,ImplicitHate-stg2-irony,all
: moderate islam is like being almost pregnant .,ImplicitHate-stg2-irony,all
> white people don't exist > white people stole all our sheeitchoose only one .,ImplicitHate-stg2-irony,all
it's statues now . eventually it will be calls to ban vanilla ice cream white bed sheets and to denounce snow as racist . insanity .,ImplicitHate-stg2-irony,all
you evil white ( not-white ) supremacist ! ! honestly i expect the next left attack on poc that support to be that you imagine you are .,ImplicitHate-stg2-irony,all
". apparently you can conquer any white nation just by screaming "" racist . "" "" whites will even offer you their children """,ImplicitHate-stg2-irony,all
"rt : "" white privilege conference "" "" says resisting jihad is racist bashes robert spencer and pamela gell """,ImplicitHate-stg2-irony,all
and yet a white man gets 15 years for putting bacon on a mosque for step ! thank god for white privilege,ImplicitHate-stg2-irony,all
aye well i like the nineties . people were happy and confident and the diversity hadn't started to bite .,ImplicitHate-stg2-irony,all
did he import white mechanics to keep it running ?,ImplicitHate-stg2-irony,all
i assume it's about how the africans freed themselves from evil whites owners . with . no . help . at . all .,ImplicitHate-stg2-irony,all
i don't think there are enough white players in the nba ! they must be racist ! al sharpton please call an emergency meeting !,ImplicitHate-stg2-irony,all
i'm white and jewish can i join your party ? oh that's right neither of those are qualifiers to be american . #maga brother,ImplicitHate-stg2-irony,all
instead of washing muslims feet apologizing for islam . francis should watch this video .,ImplicitHate-stg2-irony,all
look as long as you goys don't point out that jews get zionism & israel and we suppress white nationa,ImplicitHate-stg2-irony,all
but isn't milk a symbol of white supremacy ? #worldmilkday,ImplicitHate-stg2-irony,all
can i join if i'm black but on the inside white ?,ImplicitHate-stg2-irony,all
that's not a hate crime though nooooo only us evil white people commit hate crimes ..,ImplicitHate-stg2-irony,all
university report : a room full of white people is a microaggression,ImplicitHate-stg2-irony,all
we should jail all white christian american males who look like they might kill in mass shootings !,ImplicitHate-stg2-irony,all
white people donating to white organizations is bad . jews donating to jewish organizations is good .,ImplicitHate-stg2-irony,all
your white privilege is showing through bro #maga,ImplicitHate-stg2-irony,all
"mixing easter and holocaust commemoration : literal holocaustianity ! "" that jew died for you "" "" ... """,ImplicitHate-stg2-irony,all
i killed my own child but i deeply care about my race said no one ever #altright,ImplicitHate-stg2-irony,all
because lesbian jews should be telling whites how to raise their kids .,ImplicitHate-stg2-irony,all
does white supremacy make black women kill their babies at planned parenthood ?,ImplicitHate-stg2-irony,all
i'm not sure you can be called a racist . that isn't the way it works anymore . i'm a white man so that makes me a racist automatically .,ImplicitHate-stg2-irony,all
modern definition of racist : any white person who doesn't hate other white people enough to please leftists and non-whites .,ImplicitHate-stg2-irony,all
""" white nationalism isn't the way to go "" "" said the zionist . """,ImplicitHate-stg2-irony,all
ah right . i forgot the only valid people are the straight white ones .,ImplicitHate-stg2-irony,all
by that logic the united states police should go kill all the white heroi,ImplicitHate-stg2-irony,all
next it will be : if a white male and white female reproduce they produce an unfair advantage to non-whites .,ImplicitHate-stg2-irony,all
okay so you're the ethnonationalist spencer and he's the racist spencer ?,ImplicitHate-stg2-irony,all
or ... maybe your super thinks white people are the devil and won't fix your sink ?,ImplicitHate-stg2-irony,all
so white lives don't matter to jews in nashville ?,ImplicitHate-stg2-irony,all
what do asians say ? what about transgender fat children ? how about lesbian motorcyclists ? why are you trying to balkanise the country more ? it's almost like you have an agenda here . identity politics will destroy the left .,ImplicitHate-stg2-irony,all
you know how to know spencer is a jew . just say so . then it's true . ta-da !,ImplicitHate-stg2-irony,all
<--- founded by a white spastic who hits women .,ImplicitHate-stg2-irony,all
been called trumpkins stupid misogynists racists white supremacists deplorables & russiansjust dont ever call me democrat or liberal,ImplicitHate-stg2-irony,all
soon there will be a white guilt test . if you feel less than ' somewhat bad ' about your white privilege your spot goes to a biracial disabled tranny .,ImplicitHate-stg2-irony,all
sure i want to destroy the enemy but larping with gay swastika shir,ImplicitHate-stg2-irony,all
there's always a jew in the woodpile ...,ImplicitHate-stg2-irony,all
unbelievable ! ! ! barbie sold out to islam .,ImplicitHate-stg2-irony,all
would you like fries with your mass amnesty and depressed wages ? mt :,ImplicitHate-stg2-irony,all
"#makeacelebrityirish samuel l jacknazi #samjacknazi "" : happy #stpatricksday ; #ireland #aryan "" "" #racetogether # 8 """,ImplicitHate-stg2-irony,all
"oh and the group that kills children are "" white "" "" too . """,ImplicitHate-stg2-irony,all
"rt lol ! ! now maybe he can quit "" speaking "" "" for all folks with hispanic surnames ? trump 16 ! """,ImplicitHate-stg2-irony,all
"when islam is just "" stuff white people like "" "" via """,ImplicitHate-stg2-irony,all
: american diversity work in progress : black teens kill white girl for bicycle,ImplicitHate-stg2-irony,all
believe it or not i've heard a white woman who converted to islam actually claim that islam is a feminist religion .,ImplicitHate-stg2-irony,all
do you think those bars on the windows are to keep out all the white people ?,ImplicitHate-stg2-irony,all
remember goys making disparaging remarks about poor less educated whites is always ok,ImplicitHate-stg2-irony,all
we hindus offer lord krishna's package to muslims--give us 3 temples and keep 39997 masjids . i hope muslim leaders don't become duryodhans,ImplicitHate-stg2-irony,all
what pronoun should we use to refer to people who are transitioning into martians ?,ImplicitHate-stg2-irony,all
what's worse : a white animal abuser or a black jew ?,ImplicitHate-stg2-irony,all
. . i hear you guys had a #safespace for gay white male atheist feminists #altright,ImplicitHate-stg2-irony,all
god those darn white devils getting jobs promotions lower acceptance scores just because of they're race . oh wait ...,ImplicitHate-stg2-irony,all
no no ! you just need a white person to explain it to you ! if you vote dem your first 5 white attack poodles are free !,ImplicitHate-stg2-irony,all
of course it's racist it was written by a white man of good character .,ImplicitHate-stg2-irony,all
certainly the most turkic-looking white man i've ever seen . but race is a social construct so the msm must be right .,ImplicitHate-stg2-irony,all
police standing down let antifa blm destroy & that have targeted them resign let antifa,ImplicitHate-stg2-irony,all
subscribe to america's national socialist publication : the white worker ! only $ 20 for one full year .,ImplicitHate-stg2-irony,all
them white folks must be racist cause dem po blks could not be at fault . so misunderstood,ImplicitHate-stg2-irony,all
yeah i knew a muslim once he was peaceful ... so ... that proves islam means peace . #tcot,ImplicitHate-stg2-irony,all
"basically ? she outright said it . this is leftist doctrine 101 all whites are racist even the "" anti-racist "" "" ones . """,ImplicitHate-stg2-irony,all
black people only seem to thrive in white countries . how strange .,ImplicitHate-stg2-irony,all
erryone knows jews hispanics and mulattos are white .,ImplicitHate-stg2-irony,all
gosh darn to bad we whites deserve it for being mean to some brown people a long time ago . diversity is the future !,ImplicitHate-stg2-irony,all
how about that : muslims in canadian jihad plot were apparently really swell guys : educated well off respec ...,ImplicitHate-stg2-irony,all
is atlanta still considered the south ? or new congo ?,ImplicitHate-stg2-irony,all
so we should race mix to ensure genetic diversity and healthy multiculturalism ? wow ! thanks anp .,ImplicitHate-stg2-irony,all
these people are all white . where's the diversity ? immigration = immigrants . meaning not white .,ImplicitHate-stg2-irony,all
translated : milo realizes as a jew he will not be included in white identity politics and would be a minority,ImplicitHate-stg2-irony,all
what she really means is your white allah will judge you and non-believers have no morality . ;) :,ImplicitHate-stg2-irony,all
why - send the illegals with a free bus ticket $ 1000 and tell them berkeley liberals are easy ... win win * they can never tell,ImplicitHate-stg2-irony,all
how dare people of european decent want their civilisation to live on & flourish ! ! so unreasonable !,ImplicitHate-stg2-irony,all
white european jihad murderers are ok ?,ImplicitHate-stg2-irony,all
""" panic mode time "" "" oh your god oh your god the mexicans are coming the mexicans brown are coming oh your god oh your god ! """,ImplicitHate-stg2-irony,all
black on white violence ? emagen my shaaawk,ImplicitHate-stg2-irony,all
if you're white you are responsible for genocide .,ImplicitHate-stg2-irony,all
lots of white friends ? do you tell them all the time how they are white supremacists and should give you restitution ?,ImplicitHate-stg2-irony,all
so you're saying muslims are hornets ? ewwww boooo #racist #liberal #naziscum,ImplicitHate-stg2-irony,all
""" i was going to save the white race but then i saw a swastika . "" "" """,ImplicitHate-stg2-irony,all
can't wait to take the tunnel in and out of mexico !,ImplicitHate-stg2-irony,all
islamist wanting to kill jews who would have thought ? #islam,ImplicitHate-stg2-irony,all
that's because whites aren't going to burn down the town when they don't get their way .,ImplicitHate-stg2-irony,all
"you must be the arithmetic man; you add trouble, subtract pleasure, divide attention, and multiply ignorance.",ImplicitHate-stg2-irony,all
if you have family here that are illegals and criminals.. oh well,ImplicitHate-stg2-irony,all
cnn will find and interview the one tranny in history that was inconvenienced,ImplicitHate-stg2-irony,all
"women are intellectually deficient, islam says in sahih bukhari 1:6:301. disagree? you are islamophobe.",ImplicitHate-stg2-irony,all
"lol. yes, africa isn't a developed land because of whites.",ImplicitHate-stg2-irony,all
"question for all: what is the legal difference between a man wearing a dress, and a transwoman?",ImplicitHate-stg2-irony,all
how #california is preparing illegal aliens for driving test #noamnesty,ImplicitHate-stg2-irony,all
"stem cells have precious immortal souls! oh, god, cells are people! cells are peeeoooppplleee!",ImplicitHate-stg2-irony,all
"handicapped is not a gender, bathroom sign people!!!",ImplicitHate-stg2-irony,all
"wow such diversity, so many colors and races, and all of them are doctors and engineers, amazing!",ImplicitHate-stg2-irony,all
i thought whites were destroying the planet by using these evil resourcesmake up your mind,ImplicitHate-stg2-irony,all
"instead of the brain, his beard grew this is a norm for muslim"""" thinkers",ImplicitHate-stg2-irony,all
he went to niggerum u just so uz can undastand himsgot a doctorate in welfare & #obamaphones,ImplicitHate-stg2-irony,all
im going to demand welfare for allamerican citizens in the 3rd world and de,ImplicitHate-stg2-irony,all
the indians were the first immigration movement even they had laws and consequences if you broke them?,ImplicitHate-stg2-irony,all
"even if i tell him he won't listen because he's quite bright, actually.",ImplicitHate-stg2-irony,all
"typical! same with buddha! he thinks he's so high and mighty, ommmmm-bullshit buddha!",ImplicitHate-stg2-irony,all
"it would be great - just too bad our new """"sheriff"""" torn down tent city - that would have been a great place for them to take up their new residency.",ImplicitHate-stg2-irony,all
"haha crazy! its like saying blacks cant be intelligent,educated and well informed",ImplicitHate-stg2-irony,all
"it's mexifornia, land of hemp fields and socialistsvery anti-citizen and pro-illegals",ImplicitHate-stg2-irony,all
". it's better to be an illegal in america then black, at least their are free.",ImplicitHate-stg2-irony,all
"bless her heart! when she joined antifa, the terror-trainer supervis",ImplicitHate-stg2-irony,all
heaven forbid we have strict immigration laws like japan send them all here with our open,ImplicitHate-stg2-irony,all
why can't mexicans use all this mexican ingenuity to fix their country,ImplicitHate-stg2-irony,all
"this man is a hero and a legend he brought a flamethrower to a riot, the hood truely is an advanced civilization",ImplicitHate-stg2-irony,all
"by 's logic, all of those cities should be utopia since the evil whiteman left.",ImplicitHate-stg2-irony,all
a negro who writes? i already have my doubts about this story ;-),ImplicitHate-stg2-irony,all
"they are clearly so intellectually superior that they need to up the difficulty via new demographics. hold my ros pierre, i got this!",ImplicitHate-stg2-irony,all
master obama wants a cheap labor force for his plantation! smile & be happy while u work!,ImplicitHate-stg2-irony,all
"tuskegee, the home of black pilots and scientists, is incapable of sustaining a wal-mart or a hotel #thetriggering",ImplicitHate-stg2-irony,all
"black folks elected doug jones."""" they're gonna be mighty disappointed when all they get for it is rights for three legged, gay martians and their interests passed over for those of white, rich leftist stockholders in the northeast.",ImplicitHate-stg2-irony,all
"yes, and america was constructed entirely of cotton products.",ImplicitHate-stg2-irony,all
so happy to see uneducated illegals going to canada,ImplicitHate-stg2-irony,all
"as if the wall going to stop illegal aliens like , great wall of china stopped mongols",ImplicitHate-stg2-irony,all
"quote from democrats """"e-verify system will disadvantage many illegal immigrants in the agriculture sector."""" god forbid.",ImplicitHate-stg2-irony,all
then how will blacks become edumacated ?!,ImplicitHate-stg2-irony,all
"cos nothing says """"we've got you, sorry for treating you like shit"""" than """"3rd tier citizen",ImplicitHate-stg2-irony,all
"mt : """"we must resist ebolaphobia. these viruses just come here for a better life, to do jobs that american viruses refuse to do.",ImplicitHate-stg2-irony,all
"thanks for being smart enough to know a wall can be flown over by airplanes! crazy concept, i know!",ImplicitHate-stg2-irony,all
"now i can't go into mexico & bring a chihuahua over the border in2 the us, but this fella', can cross the border illegally w/ a human child?",ImplicitHate-stg2-irony,all
"white people don't exist, only black people do",ImplicitHate-stg2-irony,all
#ferguson and #detroit are a reflection on the innate capacity of blacks to further and advance civilization,ImplicitHate-stg2-irony,all
europeans should do as muslims and theoretically stone that woman by voting her out of office,ImplicitHate-stg2-irony,all
yea we were better offwith the floppy-eared gayblade and his manly wife shipping our 401ks and savin,ImplicitHate-stg2-irony,all
"grumpy says only people with half a brain use #lgbt friendly um, they use it on site lol",ImplicitHate-stg2-irony,all
"build the wall, and a moat to drown them too",ImplicitHate-stg2-irony,all
";.cant lick em,noon emold age moo tactics,as soon as deah gets de upper hand,bow down now! alahuakbaarrrr",ImplicitHate-stg2-irony,all
"rt sad, isn't it? poor thing doesn't even know if she's the hubby or the wife in her """"marriage.",ImplicitHate-stg2-irony,all
"go fuck yourself maybe? i mean i wouldn't make you do anything, like leave the country for example.",ImplicitHate-stg2-irony,all
"if those """"other hemisphere"""" immigrants get to mexico, are they mexicans?",ImplicitHate-stg2-irony,all
"sharia up, pints down.",ImplicitHate-stg2-irony,all
"they may have not taken gender study classes, but at least they work & know which bathroom to use.",ImplicitHate-stg2-irony,all
"what a genius, your mother would be proud",ImplicitHate-stg2-irony,all
oy vey! what is the matter with you nasty rats? why can't i be part of your little goy club ?,ImplicitHate-stg2-irony,all
build a wall so rednecks can pick strawberries and bus tables,ImplicitHate-stg2-irony,all
my friend got his ass kicked. but that's ok too right because he's not the right color. plus yiddish? fuck you,ImplicitHate-stg2-irony,all
"dumbass is one word. you're* you can't even use the english language correctly. let me guess, your aunt is also your mother?",ImplicitHate-stg2-irony,all
"well, there was the time ivana accused him of rape but you seem like the type to ignore that. :) however, that wasn't my point at all. i'll see if i can dumb this down a little for you, hon. ok, here goes!",ImplicitHate-stg2-irony,all
"that seems a little harsh elder. you know wackos kill people. oh, wait a minute, i guess you're right!!",ImplicitHate-stg2-irony,all
oh look. another lefty whom has an unnatural fixation upon sex. is that all your tiny kind can imagine?,ImplicitHate-stg2-irony,all
"lmao okay, you are a journalist, and i am elvis. whatever. this is no more mysterious than roof or glenn miller",ImplicitHate-stg2-irony,all
we can burn the flag and police watch and do nothing but if we throw a book in the toilet they invest,ImplicitHate-stg2-irony,all
"oh honey. justoh, honey. bless your heart.",ImplicitHate-stg2-irony,all
"no, you have to call her and """"empty barrel""""! oops! i guess i'm a black white supremacist.",ImplicitHate-stg2-irony,all
"well, barack obama can't very well ask new citizens to do something he wouldn't do himself, now, can he?",ImplicitHate-stg2-irony,all
"if you don't speak up, they she will speak for you. marilyn deyoung, , latino """"babies can join a gang",ImplicitHate-stg2-irony,all
"how dare you assume gender. it's equality, baby.",ImplicitHate-stg2-irony,all
"imagine the memories they'll form while starving, cold, and violently abused. last a lifetime.",ImplicitHate-stg2-irony,all
in an effort to cement her racial equality bona fides she brought home the wrong token black guy.,ImplicitHate-stg2-irony,all
"when which money, fucking stupid unless, you ask a loan. to your boyfriend vladimir putin.",ImplicitHate-stg2-irony,all
"i've personally pranked a gay, two commies and a (((fellow white person))) out of the gym, did my wings just get lost in the mail?",ImplicitHate-stg2-irony,all
"she didn't mean it. if she meant it, she'd have invited you over, given you a house and made the uk taxpayer fund your life.",ImplicitHate-stg2-irony,all
why have a wall when you have mexico on this side of wall?,ImplicitHate-stg2-irony,all
"mommy, someone knows not taught history and is challenging our societal taboos!",ImplicitHate-stg2-irony,all
"welcome to #sweden, refugees!maybe i should take a week or two myself, nice pool!",ImplicitHate-stg2-irony,all
"yes! wall sounds great. can keep mexicans from boats, tunnels and airplanes for a while longer? what about merpeople? wall off the ocean too",ImplicitHate-stg2-irony,all
"ah, the feminist double standard, she can troll cnn and stalk chris cuomo but not vice versa.",ImplicitHate-stg2-irony,all
"i work for willy wonka, and i'm hiring little people for our latest expansion. do ya think your wee friend is interested?",ImplicitHate-stg2-irony,all
"honey, they skipped me too. i don't think whoever gives out white privileges likes me at all.",ImplicitHate-stg2-irony,all
and then what? ban all ladders and shovels in mexico?,ImplicitHate-stg2-irony,all
"now try something correct. by, loser. let us in the real world do",ImplicitHate-stg2-irony,all
"yep, genetics is racist. jesus, man, quit drinking before it's too late.",ImplicitHate-stg2-irony,all
"oh good, a little tb with your coffee?",ImplicitHate-stg2-irony,all
nazis like cock so if it's kept quiet he could probably be his weekend thang.,ImplicitHate-stg2-irony,all
"and then a trans man with a vagina comes into the womens bathroom and all the women start complaining about a man in the bathroom.dude,logic",ImplicitHate-stg2-irony,all
"-sorry. this is a hoax photo. but aww, you want to believe it, don't you?",ImplicitHate-stg2-irony,all
"certainly bbqs & tattoos wld never be a part of your dogma since vegetarian, failed artist, hitler only believed in tattooing jews.",ImplicitHate-stg2-irony,all
"universities are european institutions. if they want to learn about africa, they should go back to africa.",ImplicitHate-stg2-irony,all
"she's an abrahamic, what were you expecting lol :) ?!",ImplicitHate-stg2-irony,all
ok were are they getting the moneydams breaking roads crumble fires every were but illegals come first.how about using money to help vets,ImplicitHate-stg2-irony,all
"as if muslims at the border will admit they want islamic law. """"do you believe gays should die?"""" """"no."""" """"ok, in you go.",ImplicitHate-stg2-irony,all
"that entry fee might be a great idea-cut tourist traffic way down for them-$-yes, good idea. what an idiot to make that proposal!",ImplicitHate-stg2-irony,all
you're just jealous you don't have a cute blonde to hose you down with tan.,ImplicitHate-stg2-irony,all
"here you go, folks. a handy-dandy guide to who hates ted.",ImplicitHate-stg2-irony,all
"yeah, release them so when their deportation hearing happens in 2021 theyll have 5 us-born kids by then",ImplicitHate-stg2-irony,all
"if you don't agree with me you are a racist, yah, nice poiny",ImplicitHate-stg2-irony,all
no! this is not a fabric store! these are female human beings indoctrinated and forced by a misogynist religion to live a life of slavery,ImplicitHate-stg2-irony,all
"hey, don't you know christmas is offensive and oppressive?",ImplicitHate-stg2-irony,all
"mmmm, mmmh, mmm that sweet frog up your ass, 'feels good' doesn't it?",ImplicitHate-stg2-irony,all
"bexar county sheriff says the bill would alienate immigrants. wait, what? alienate illegal aliens?",ImplicitHate-stg2-irony,all
"if you want a protest that will really wow 'em, you gotta get that soros funding.",ImplicitHate-stg2-irony,all
"they get free educations grants, while american young adults can not. oh poor illegals they only want to better themselves, get out theives!",ImplicitHate-stg2-irony,all
i was there on the other side of the barrycade - poke them enuf and they make uz a good photo for the,ImplicitHate-stg2-irony,all
"so tell us, when is this god going to show up and tell you how to have sex? or how to define it",ImplicitHate-stg2-irony,all
"uh oh, better call the optics police!",ImplicitHate-stg2-irony,all
is it true you can make duck calls out of jew teeth?,ImplicitHate-stg2-irony,all
and if some horny lesbian watches you pee you're in with it? not disgusting at all. duh,ImplicitHate-stg2-irony,all
a few people get shekels,ImplicitHate-stg2-irony,all
"do you think #americans are going to go pick fruit, or cut lawns, or do condition? think about it",ImplicitHate-stg2-irony,all
"bit late now,and he's supposed to be clever.",ImplicitHate-stg2-irony,all
"ah, the negro-mancer mage class makes its appearance.",ImplicitHate-stg2-irony,all
"diversity is a strength! except on math scores, apparently.",ImplicitHate-stg2-irony,all
"people ask..if parents get deported, what of kids? duh, take them with you. i would",ImplicitHate-stg2-irony,all
"funny, yep that convinced me{sarcasm off}",ImplicitHate-stg2-irony,all
"just for you since of course you are a little hollyweird parrot, repeating what cnn and the rest of liberal journalist wannabes, say.",ImplicitHate-stg2-irony,all
"omg, quit following the law, we need to sell tennis shoes",ImplicitHate-stg2-irony,all
"i was going to go poster the local synagogue with these, hail victory my fellow fashy goys! teehee",ImplicitHate-stg2-irony,all
"marie, why didn't you come legally?",ImplicitHate-stg2-irony,all
"what happened to his open boarder policy and we love everyone, come on in???",ImplicitHate-stg2-irony,all
"help #buildthewall so people get start working on the tunnelsyes, that is sarcasm",ImplicitHate-stg2-irony,all
is that all they have on their minds brain in their dick castration time,ImplicitHate-stg2-irony,all
"move out of your mothers basement, go out and meet real people- you might like life?",ImplicitHate-stg2-irony,all
"no, to hell where 72 virgin devils is going to screw the hell out of him for eternity.",ImplicitHate-stg2-irony,all
"oooohh no.. that's just their welcoming committee, religion",ImplicitHate-stg2-irony,all
"now if that isn't the pot calling the kettle mexican, i don't know what is!",ImplicitHate-stg2-irony,all
"don't worry, that fake fearless girl statue funded by wall street bankers will stay up.",ImplicitHate-stg2-irony,all
"senators should focus their energies on isis, illegal immigration and border security instead of always looking to start world war iii.",ImplicitHate-stg2-irony,all
"yes, tell me who puts their kids in water only when the water is safer than the land.",ImplicitHate-stg2-irony,all
grope a dope. hysterical!!!,ImplicitHate-stg2-irony,all
believe this is a great idea!!! drug money can build the wall and then some.,ImplicitHate-stg2-irony,all
"oh but """"evil"""" gulf countries are just sooo misogynistic, told me so.",ImplicitHate-stg2-irony,all
"they most certainly do. what happened was g soros and his cash, uh sorry i meant influence!",ImplicitHate-stg2-irony,all
what's next? maybe he will give muslims the white house a new car. new houses and more,ImplicitHate-stg2-irony,all
well she looks better that obamas momma looked in her nude/porn pics,ImplicitHate-stg2-irony,all
"wow, robert sounds like a 10-year-old stamping his feet and saying, """"it's not fair!"""". poor insecure thing. much love",ImplicitHate-stg2-irony,all
. wow - a minute ago i was irrelevant and now i'm making you look bad! what's next? zionists moved your shoes?,ImplicitHate-stg2-irony,all
"what if i just laugh and point a finger at you?aww, can't shoot me. poor little tough guy.",ImplicitHate-stg2-irony,all
wow. what a racist. you should call yourself the pink panthers. a bunch of race hustlers. what good is coming from this ?,ImplicitHate-stg2-irony,all
"great. go volunteer, take your family with you. we taxpayers won't pay for wall or any of this b.s",ImplicitHate-stg2-irony,all
liberal hippie bs ! go to the middle east and let's see your welcome strangers theroy !,ImplicitHate-stg2-irony,all
"like murder good job, you pathetic loser.",ImplicitHate-stg2-irony,all
"ok, what if a nice friendly guy who found good family values in mein kampf wanted to be sworn in on it?",ImplicitHate-stg2-irony,all
"bless their hearts, you can't blame because they just learned about fire, the auto, and email.",ImplicitHate-stg2-irony,all
"you've come a long way from grinny the pooh, hunter. kudos.",ImplicitHate-stg2-irony,all
"if state office is just a social construct, why do people laugh at my neighbor who just declared himself potus?"""" and soforth.",ImplicitHate-stg2-irony,all
"don't tell our cultural overlords that, though. they know better",ImplicitHate-stg2-irony,all
"hey, she didn't say """"latinx"""". the best we can get out of her is she's a liberal two-years ago.",ImplicitHate-stg2-irony,all
"g-d forbid a child might actually think of g-d on the playground, and we can't have that kind of religious statism, now can we?",ImplicitHate-stg2-irony,all
"how about having the slow olympics too. u know, winners jump lowest, run slowest,",ImplicitHate-stg2-irony,all
how about a fund for the victims of these illegal immigrants? wouldn't that be more proper??,ImplicitHate-stg2-irony,all
"you know elder, hes a fake pos, pitty beiber tried to be like him his trump dis is whack like he smoked too much whacked wannabe like snoopy",ImplicitHate-stg2-irony,all
"in italy we call this type of woman how you say, piggo porko",ImplicitHate-stg2-irony,all
"just because he's a muslim, she's a jew and he shouted 'allahu akbar' you cannot jump",ImplicitHate-stg2-irony,all
billy boy will select a harem for himself if he is put in charge!,ImplicitHate-stg2-irony,all
that's great let them stay in mexico and suck there country dry and lets see how long they put up with the illegal immigrants coming there,ImplicitHate-stg2-irony,all
"ridiculous garbage wackos spewing"""" excellent words i'm sure you can back up?",ImplicitHate-stg2-irony,all
"gramps would leave the door unlocked during the summer hoping someone broke in, free labor in lieu of buckshot and a 3 sec headstart",ImplicitHate-stg2-irony,all
"robert, i'm the coolest catholic apologist out there, other than patrick madridno one is as cool at pat madrid!",ImplicitHate-stg2-irony,all
let's hope they get to meet allah while living in the caliphate then. otherwise they may not get to heaven.,ImplicitHate-stg2-irony,all
"i may be powerless to stop trannies from sharing a locker room with my daughter, but gosh darn it i can get a lot of sons killed overseas!",ImplicitHate-stg2-irony,all
thus bye bye dumb amd bumber!!! grow a brain and adios illegos,ImplicitHate-stg2-irony,all
"to repeat a quote from 1 of the smartest men i have ever read, thomas sowell. """"racisim is like ketchup, u can put it on anything.",ImplicitHate-stg2-irony,all
"yeah, how dare those extreme left wingers jump in front of a car driven by a poor ickle innocent nazi ?",ImplicitHate-stg2-irony,all
"yep, the deal is, they get deported and so do their illegal parents. then we build the wall so they never come back. that's my dream. does that make me a dreamer?",ImplicitHate-stg2-irony,all
no place for them to go but back where they came from or they can go stay with the obama's in their mansion!,ImplicitHate-stg2-irony,all
"on the ones and twos, coming straight to you to keep those keto blues far away all day everyday, clanging and banging, huffing and puffing, my man pots and pans, the one the only, the tidiest, whiteiest this side of the trump wall! he has it all, tight whitie!",ImplicitHate-stg2-irony,all
"christ, they're right. we should have appointed hillary! (sarcasm.)",ImplicitHate-stg2-irony,all
funny italy and france don't use illegals to pick grapes.,ImplicitHate-stg2-irony,all
build that damn wall with hillary and husan obama on the mexican side. 2 aaa socialist sleezebags,ImplicitHate-stg2-irony,all
"but money is what makes the world go round , ask those that do not have money ?",ImplicitHate-stg2-irony,all
why do radicals #antifa & #isis dress up like silly #sissyassninjas? hard to take them serious when they dress like holloween 4 year olds!,ImplicitHate-stg2-irony,all
"gee, i'd like to vote in the english and german and mexican elections. think those countries would mind? gross.",ImplicitHate-stg2-irony,all
why not enforce laws and send these people back,ImplicitHate-stg2-irony,all
"blood is calling, send this traitor srk to suck taliban and dance with ghunghroo in jehadi parties",ImplicitHate-stg2-irony,all
"mr. perkins, is sen. santorum the equivalent of american taliban? unfair?",ImplicitHate-stg2-irony,all
"#daca turns four, watch for """"future eligible children"""" to get #work permits soon.",ImplicitHate-stg2-irony,all
"it is a travesty of justice. who was this guys lawyer? elmer fudd? and the judge, was he a muslim? the whole thing stinks.",ImplicitHate-stg2-irony,all
"aww, it can't read",ImplicitHate-stg2-irony,all
"should we ask: will two guys kissing drive you over the edge, do you believe gays can fly?",ImplicitHate-stg2-irony,all
great. zero is a great number. i mean don't we have enough illegal immigrants to offset the legal immigrants?,ImplicitHate-stg2-irony,all
but they'll pack explosives made with gelatin to their bodies and explode themselves in a spray of pig fat.,ImplicitHate-stg2-irony,all
what do you expect? a white kid with air jordon shoes. in front of blacks come on,ImplicitHate-stg2-irony,all
"thanks,elder.they are really desperate.they are riding whatever bus they are on,right into the ground",ImplicitHate-stg2-irony,all
"gen z(yklon) is on our side. who do you got? cat ladies, soymales, others who thought there would be free fried chicken etc",ImplicitHate-stg2-irony,all
"thank god we are #indians!if we were in #pakistan,our options for professional courses after xiith would be as follows:#kashmirrejectspak",ImplicitHate-stg2-irony,all
show me in the constitution where it ever addresses sodomites and lesbians getting married,ImplicitHate-stg2-irony,all
but hey! that fat whore sure did make a fabulous sock puppet! minus the smell and liquid discharge,ImplicitHate-stg2-irony,all
"isn't their mentality, or lack of, so twisted?!!! the men prefer men but want to look like women. women prefer women but dress like men. lol",ImplicitHate-stg2-irony,all
"3 year's actually, we ready to swap the palestinians with mexicans, but no canadian they too weirdo.",ImplicitHate-stg2-irony,all
it seems lalu becoming nationalist; after all cow slaughter must be avenged,ImplicitHate-stg2-irony,all
"i use korans for kindling, but that's just me . . . . .",ImplicitHate-stg2-irony,all
no wonder the muslim men lose their minds. they see burqua's all the time. come to the west and see lots of skin.,ImplicitHate-stg2-irony,all
"hey, are you a conservative african american or, as libs would say, a prop?",ImplicitHate-stg2-irony,all
"damn, african dana is a problem? what do you want done with ones here already?",ImplicitHate-stg2-irony,all
naw - they can resort to what they're best at - 'hawking' that dope !,ImplicitHate-stg2-irony,all
i knew that would happen but weren't t/ bombers of wtc muslims? clownatano is a leftard nut case. rt napolitano may .,ImplicitHate-stg2-irony,all
i cannot refute autistic screeching. even jewish sorcery has its limits.,ImplicitHate-stg2-irony,all
"black skin would get the white man tax breaks on owning a business, reduce his chances of getting fired from a job, get him into college cheaper and easier, give him victory over political correctness. dark chocolate spray tans for the white man.",ImplicitHate-stg2-irony,all
she deserves it! you lay with fleas you're going to get bit.,ImplicitHate-stg2-irony,all
marrying children and female genital mutilation all good!,ImplicitHate-stg2-irony,all
"you're the nut hugging little wigger, homie the clown.",ImplicitHate-stg2-irony,all
"good , they want illegals, watch what you wish for.",ImplicitHate-stg2-irony,all
glad not to live in ca. taxpayers pay over 13% for state & over 7% for sale taxes. i wonder if there are city taxes. let's pay for illegals.,ImplicitHate-stg2-irony,all
"secure? all can cross the borer day or night, the only thing they don't get is a free democrat party balloon when crossing",ImplicitHate-stg2-irony,all
too bad. breeding islam out of existence would have worked!,ImplicitHate-stg2-irony,all
i would be honored to act for women under muslims opression.,ImplicitHate-stg2-irony,all
"that's the religion of peace. yeah, right.",ImplicitHate-stg2-irony,all
"bring back slavery? oh well, there goes the $433k cotton stripper.",ImplicitHate-stg2-irony,all
how on earth can he vow to do that. he can't protect his peeps inside of mexico. his country is like chicago on steroids.,ImplicitHate-stg2-irony,all
if this little shit protest was about jews - you would need the - when i think of - i think of lice,ImplicitHate-stg2-irony,all
"if you are an illegal, you might want to invest in a trailer. u-haul doesn't do international.",ImplicitHate-stg2-irony,all
"tell me, is that red cross a cry for a medic for your english skills?",ImplicitHate-stg2-irony,all
i'll easier find a half pregnant woman than a moderate muslim.,ImplicitHate-stg2-irony,all
"at the same time, the bible says that gays should be put to death. maybe not the best thing to take life advice from.",ImplicitHate-stg2-irony,all
maybe should get an island for these obama felons. like australia started. dump them there 2 live with obie.,ImplicitHate-stg2-irony,all
rooney stfu you go to mexico and live you love them so much.tell you what move about a thousand into your neighborhood.then you would change your tune.,ImplicitHate-stg2-irony,all
"absolutely insane. try that crap anywhere in central america and you end up buried in a desert somewhere. here, we give you 200k.",ImplicitHate-stg2-irony,all
"shhh,he's a target for the liberals and illegals now.dont malign the holy dacas, a group of 25-36 yr old pure baby angels.we should give",ImplicitHate-stg2-irony,all
"are you ready to be waterboarded yet, sean? still waiting!",ImplicitHate-stg2-irony,all
"let in jews and it becomes a """"nations of immigrants"""" in another month.",ImplicitHate-stg2-irony,all
does a muslim ban really matter that much? if we actually wanted progress we'd need a hispanic ban,ImplicitHate-stg2-irony,all
"yes, we do . want them thrown out. i dont care if they r all jose einsteins. r illegal and constitution, ours at least. says out they go.",ImplicitHate-stg2-irony,all
"go, bakers. wedding cakes are for real weddings :",ImplicitHate-stg2-irony,all
"#nothingtodowithislam of course. just ask obama, if you can find him. he's on a golf course somewhere.",ImplicitHate-stg2-irony,all
"i guess its poetic symmetry, they were carried in (so they say) and now they'll be carried right back out.",ImplicitHate-stg2-irony,all
"muslim's are putting in practice. if mohammed done it, then it's fine.",ImplicitHate-stg2-irony,all
"if this is true, then this is an #ahmed game changer. electronics enthusiast exposes 'clock",ImplicitHate-stg2-irony,all
"topic you can debunk kicked, choked in migrant no-go",ImplicitHate-stg2-irony,all
"poison ivy league schools. higher """"macademia"""" bunch of nuts! let'em sponsor unvetted from 7 terror nations!",ImplicitHate-stg2-irony,all
"dude looks like a lesbian butch, how do we know that's a man?--&gt;",ImplicitHate-stg2-irony,all
we should give every intolerant muslim that choice. go back or try to be a productive american.,ImplicitHate-stg2-irony,all
cosmo needs to shift to all butch-dyke all the time and get it over with. they're not fooling anyone right now.,ImplicitHate-stg2-irony,all
"oh goodie! more unwanted babies, just what the world needs. celebrate!",ImplicitHate-stg2-irony,all
put mexican hats on the machines and drive on,ImplicitHate-stg2-irony,all
"wow, face it kids, cali is done. it may be time to have a 'sacrificial lamb' plan in our back pockets.",ImplicitHate-stg2-irony,all
"scream back at'em """"olly olly oxen free!"""" while doing jumping jacks. that'll freak them out and they will melt.",ImplicitHate-stg2-irony,all
"oh, great! another magnet to attract the wrong kind of people we want in the us. we will never sol",ImplicitHate-stg2-irony,all
"if a man can cut off his penis and be a woman, then all categories are fair game.thank you liberals",ImplicitHate-stg2-irony,all
soon it'll be racist if you breathe without their permission:,ImplicitHate-stg2-irony,all
"good goy, you serve your masters well unfortunately you can't move to their ethnostate owned by rothschild",ImplicitHate-stg2-irony,all
who really believes that a baghead is attractive? really?,ImplicitHate-stg2-irony,all
"well, you can escape all the terrible white oppressors and build your black paradise?",ImplicitHate-stg2-irony,all
that is so funny. #obama wants to take my #2a rights & give it to criminals. great idea - not,ImplicitHate-stg2-irony,all
bye bye. we won't miss ur welfare sucking dem ass.,ImplicitHate-stg2-irony,all
"there are two families: """"joe legal"""" and """"jose illegal"""". both families have two parents, two children, and live in",ImplicitHate-stg2-irony,all
i just hope native europeans take a que from israel and start cooking piggies hot and hard b4 its too late! pussy eu,ImplicitHate-stg2-irony,all
"lol #lib #welfarepets hey #ferguson retards,its #pantsupdontloot when grandjury clears officer #darrenwilson",ImplicitHate-stg2-irony,all
"lol, silly muslim. byw, you forgot inbreeding. that might have something to do with your argumentation",ImplicitHate-stg2-irony,all
"that's joey over there and mary, and jesus and saul and shaquille not that italian, white chick, mexican, jew and black guy",ImplicitHate-stg2-irony,all
where's the line to give blowjobs for citizenship?,ImplicitHate-stg2-irony,all
no towel for him he's british of pakistan ethnicity. only towel he'll get is when arabs make him clean floors.,ImplicitHate-stg2-irony,all
"or even better, get a job and pay her bills",ImplicitHate-stg2-irony,all
"yeah, right. go find an illegal that's not on food stamps, wic, or medicaid. just one.",ImplicitHate-stg2-irony,all
poor wittle snowfwake,ImplicitHate-stg2-irony,all
"imagine thinking you're ahead of the chinese, lol.",ImplicitHate-stg2-irony,all
"i don't carei bet when he says """"allahu ackbar"""" it's pretty damn cute",ImplicitHate-stg2-irony,all
"native americans were here first, there's no denying it, and they didn't secure their borders. see what happens?",ImplicitHate-stg2-irony,all
"we need to stop terrorism. its bad!"""" your proposal is?""""only let in the based muslims!"""" o oh. okay.",ImplicitHate-stg2-irony,all
if you work hard & take responsibility - i'll give your job to a foreign worker who'll work for less #immigration #sotu,ImplicitHate-stg2-irony,all
the judge approves of invasion and aides in the harboring of fugitives. liberals are perfectly okay with it too!,ImplicitHate-stg2-irony,all
"doesn't 'e' stand for enforcement, ? won't deport illegal aliens arrested @ #dnc2012",ImplicitHate-stg2-irony,all
": kkklanneed to report illegals contact ice 1-866-dhs-2-ice""""#funnyasshell",ImplicitHate-stg2-irony,all
illegals can sue hahahawell winning your lawsuit is another matter!,ImplicitHate-stg2-irony,all
well what do they expect when any refugee that comes into europe is treated like a friggin king. give him.aslyum in prison.,ImplicitHate-stg2-irony,all
"he needs time to come up with soft, non-threatening euphemisms, so as to not offend sensitive terrorists",ImplicitHate-stg2-irony,all
"robert, i hereby dub you an honorary jew. the elders meet to discuss the world every other tuesday. don't be late.",ImplicitHate-stg2-irony,all
"if our official policy is that illegals are exempt from following the law, shouldn't citizens get a freebie?",ImplicitHate-stg2-irony,all
"lol sure you do hon, you value god so much you support daily the slaughter if his most precious gifts. save illegals & kill babies",ImplicitHate-stg2-irony,all
"bill warner, phd: the doctrine of cowards #islam via",ImplicitHate-stg2-irony,all
no burka? punishable by death! no witnesses to your rape? punishable by death! ur loyal to america? punishable by death! #noshariainamerica,ImplicitHate-stg2-irony,all
what a joke. line the money up on the border and burn it. it'll have roughly the same effect,ImplicitHate-stg2-irony,all
showing up for #immigration hearing 4hrs after giving birth to 6th child might win you amnesty - & other news h,ImplicitHate-stg2-irony,all
show me your tribal id card or self-deport out of my tl,ImplicitHate-stg2-irony,all
if you know someone in your state illegally call immediately you better head to california if your illegal right now.,ImplicitHate-stg2-irony,all
the smartest whites get denied. the future of terrorism is embraced. welcome to harvard!!,ImplicitHate-stg2-irony,all
"no shit. free groceries, medical, and a social security check you didn't contribute to? uhhhyeah #illegalbuttheyaintdumb",ImplicitHate-stg2-irony,all
"they'll be easy to spot.no, wait!",ImplicitHate-stg2-irony,all
"free food, free rent, free healthcare, every man woman and child on the face of the earth receiving free ? priceless!",ImplicitHate-stg2-irony,all
calling all illegal aliens ! flock to california to see your savior jerry brown. he will give you everything for free!,ImplicitHate-stg2-irony,all
if you want open boarders take down your doors and windows off your house and put a sign up says all are welcome & you take care of them.,ImplicitHate-stg2-irony,all
"no, he should be forced to learn about muhammed!",ImplicitHate-stg2-irony,all
"executing them would end their detention, no? just wondering if execution solves this the way it solves downs syndrome for icelanders.",ImplicitHate-stg2-irony,all
while the islamic right chops off hands and forcibly stops a book reading session of an author. that's alright?,ImplicitHate-stg2-irony,all
"if we must blame confederate flags for actions of one crazy person, it's time to blame all muslims for #chattanoogashooting #sendthemhome",ImplicitHate-stg2-irony,all
"excellent. i'm guessing no cheeseburgers, no mixed blend clothing, no divorce or attending weddings of divorced people. of course, usury is out of the question. and you only have one coat.",ImplicitHate-stg2-irony,all
why do we have an immigration policy? should just let them have a free for all and all can pay!,ImplicitHate-stg2-irony,all
"#it's so wrong, elder! we need to defund planned butcherhood! those doctors should be ashamed!",ImplicitHate-stg2-irony,all
so now we deport him for the 7th time so he can jump the fence again and kill again!,ImplicitHate-stg2-irony,all
"leaked pic of maxine @ her dr.'s office & her new license plate.honk,smile,& wave when u c her. no direct eye contact or sudden moves though",ImplicitHate-stg2-irony,all
let jihadi justin know so he can start budgeting his next 10.5 million settlement.,ImplicitHate-stg2-irony,all
once they are deported how can they repay their loans?,ImplicitHate-stg2-irony,all
we should grant him asylum in exchange for a jihadi here.,ImplicitHate-stg2-irony,all
"i'd say they should be given equal treatment, the same as every other undocumented alien. demand all you want from your government, this one doesn't belong to you. go home and blame your parents.",ImplicitHate-stg2-irony,all
"don't worry, goy, the jews will take good care of you. #truthishatespeech",ImplicitHate-stg2-irony,all
it's illegal! go get a dictionary and see the meaning! if you can't speak english get a spanish one!,ImplicitHate-stg2-irony,all
so we should just let them come here do as they please an we foot the bill ! not!,ImplicitHate-stg2-irony,all
all illegals welcome in san francisco. sleep in the streets - eat aids for breakfast,ImplicitHate-stg2-irony,all
cut cuckovich some slack. he's ragging. (it's that time of the month),ImplicitHate-stg2-irony,all
yes let's secure our borders from these terrorists! oh wait.,ImplicitHate-stg2-irony,all
translated that means throw out all current immigration laws and open the borders to the masses.,ImplicitHate-stg2-irony,all
"if it ain't brown, they'll take it down.",ImplicitHate-stg2-irony,all
"take a chapter out of merkel's book and make all white women wear a bracelet saying """"please don't sho",ImplicitHate-stg2-irony,all
"it does make me want shout on the streets hey everybody yeah! i love every one, i would probably be arrested 4 inciting a riot.",ImplicitHate-stg2-irony,all
If furries wish to identify as animals we should be allowed to hunt them.,ImplicitHate-stg2-irony,all
Dicks are basically ar-15s Only disabled kids whip em out in class,ImplicitHate-stg2-irony,all
I have a black man in my family tree He’s still hanging there,ImplicitHate-stg2-irony,all
What did the jew say to the other jew? Jew: Is something burning?,ImplicitHate-stg2-irony,all
"Why did so many blacks die in combat during Vietnam? Every time the Sergeant yelled, ""GET DOWN!"" they would get up and dance.",ImplicitHate-stg2-irony,all
What's the difference between a jew and a piece of bread? The bread still works after it's been through the toaster,ImplicitHate-stg2-irony,all
What two kinds of people are totally different but always look the same? Asians and hepatitis patients,ImplicitHate-stg2-irony,all
"I don't know why the Natives are so mad at us... I mean, we were so nice to them. We even gave them blankets!",ImplicitHate-stg2-irony,all
What's the difference between a Jew and a pizza? The pizza doesn't scream when it's put in the oven.,ImplicitHate-stg2-irony,all
"Why was the pastor bad at slang? He took the saying, ""I feel you"" too literal.",ImplicitHate-stg2-irony,all
Why don't bookmakers take bets on the special Olympics? because they're all winners,ImplicitHate-stg2-irony,all
"I was sitting next to some really hot Thai girl on the bus today. All I could think to myself was, ""Don't get an erection, don't get an erection!"" But she did.",ImplicitHate-stg2-irony,all
"A gay guy, A black guy, and A Jew get hit by a bus They all appear in front of the gates of heaven. The Angel says. ""Welcome to Heaven!"" The three guys beg him for a second chance. The angel says,""I can only do it if you promised to give up what you love doing the most."" The three men immediately agreed to do that. Suddenly, they're on the street and the bus is passing by. They cautiously cross the street, and continue walking, until they come across a car which has an open window and a purse. The gay guy says to the black guy, ""Don't do it man, you're stronger than that!"" But he reaches in anyway. Poof! Black guy disappears. They continue walking until the Jew comes across a penny. He bends down with the gay guy behind him. Poof! Gay guy disappears.",ImplicitHate-stg2-irony,all
What's the difference between a woman and a car crash? A car crash won't kill you slowly.,ImplicitHate-stg2-irony,all
What's the best thing about being Ethiopian? You won't have to be for very long.,ImplicitHate-stg2-irony,all
What's the difference between heroin and a black person? Police care about people shooting heroin,ImplicitHate-stg2-irony,all
sluts dont have hormones they have whoremones,ImplicitHate-stg2-irony,all
What's the best thing that came out of Auschwitz? An empty train,ImplicitHate-stg2-irony,all
"So blacks are the fastest runners and whites are the best swimmers, the polar ice caps are melting, Evolution at work",ImplicitHate-stg2-irony,all
What do you call a black spider? No daddy long legs,ImplicitHate-stg2-irony,all
What do bikes and black men have in common? The chain,ImplicitHate-stg2-irony,all
"Secret Language During the holocaust the Jews had a secret language they used to speak... it went something like this, ""OH MY GOD! I'M BURNING ALIVE""",ImplicitHate-stg2-irony,all
"Aan indian was taking a dump and died. Strange, isn't it?? He didn't pay attention to the train heading towards him...",ImplicitHate-stg2-irony,all
"So I failed to get accepted at Harvard. So I worked in a coal mine for a while, and one day forgot to shower after work. I visited Harvard again then I got accepted.",ImplicitHate-stg2-irony,all
What do you call winning battle royale in China? Winner Winner Dog dinner,ImplicitHate-stg2-irony,all
What is the fastest way to get jewish guests out of your house? vacuum cleaner,ImplicitHate-stg2-irony,all
Muslims aren't terrorists They just want to die on their own terms but don't want to do it alone.,ImplicitHate-stg2-irony,all
"What did the black, blind, deaf and mute kid get for christmas? Aids.",ImplicitHate-stg2-irony,all
What would you call an Arab with a wooden leg? A sticky bomb.,ImplicitHate-stg2-irony,all
I wish my grass was emo... So it could cut itself.,ImplicitHate-stg2-irony,all
"How do you pick up black girls? You burn their village, chain them up and raise the anchors.",ImplicitHate-stg2-irony,all
How do you stop black guys from hanging out in front of your house? Cut the rope.,ImplicitHate-stg2-irony,all
"What do you say to a woman with two black eyes? Nothing, you already told her twice.",ImplicitHate-stg2-irony,all
Where do jews go when they die? Out the chimney.,ImplicitHate-stg2-irony,all
What do you call two Mexicans playing basketball? Juan on Juan,ImplicitHate-stg2-irony,all
"A black guy finds a genie in a bottle Any three wishes he had would be granted, the genie informed him. ""I wanna be rich,"" said the black guy. The back yard filled up with chests of gold coins and jewels in the blink of an eye. ""I'm no fool,"" said the black guy. ""I wanna be white."" And there he stood, white, blonde-haired and blue-eyed. ""Last but not least, I never want to work another day in my life."" And he turned black again.",ImplicitHate-stg2-irony,all
What's the difference between a black person and a bicycle? The bicycle doesn't start singing when you put chains on it.,ImplicitHate-stg2-irony,all
How do you name a jew pokémon trainer Ash,ImplicitHate-stg2-irony,all
What do jews and meat have in common? They're both better cooked,ImplicitHate-stg2-irony,all
A wife is killed after a car drives through her living room and kills her. Who's fault is it? The wife's because she should've been in the kitchen,ImplicitHate-stg2-irony,all
Finally something positive I found of the Ethiopians HIV,ImplicitHate-stg2-irony,all
"Everyone is so politically correct these days... You can't even say ""black paint!"" You have to say ""tyrone can you paint that wall please?""",ImplicitHate-stg2-irony,all
What's the difference between a black person and a chicken? One's free range,ImplicitHate-stg2-irony,all
Why is chinese the best race? They can do everything with their eyes closed.,ImplicitHate-stg2-irony,all
What's A Jew's Biggest Fear? Taking a shower.,ImplicitHate-stg2-irony,all
"What did God say when he made the first black person? Dammit, I burnt one.",ImplicitHate-stg2-irony,all
How do you stop a Jewish man from smoking? You let him out.,ImplicitHate-stg2-irony,all
Why don't Africans need help? They already have aids.,ImplicitHate-stg2-irony,all
"Why are black men good at basketball? The whole point is to run, shoot and steal. Oh and their knee grows.",ImplicitHate-stg2-irony,all
What do you get when you add 1 + 1? The average Ethiopian lifespan.,ImplicitHate-stg2-irony,all
What is the difference between Santa Claus and jews? Santa comes down the chimney.,ImplicitHate-stg2-irony,all
This joke is like a Veitnamese factory worker It makes no cents,ImplicitHate-stg2-irony,all
"Kitchen appliances salesman to the Jewish man.. ""Sir would you like a tour to the new LG oven ?""",ImplicitHate-stg2-irony,all
"How many Jews does it take to cook a dinner? Two. One in the fire, one above the fire.",ImplicitHate-stg2-irony,all
How long does it take a black woman to take a dump? 9 months,ImplicitHate-stg2-irony,all
Whats the difference between a blonde and an elevator? You dont even have to press a button for her to open up.,ImplicitHate-stg2-irony,all
Have you ever had Ethiopian cuisine? Neither have they.,ImplicitHate-stg2-irony,all
What do you call a burnt chicken nugget? A nigget,ImplicitHate-stg2-irony,all
I overheard someone saying a black man stole a motorcycle out of a garage. I ran home to see if mine was still there. Yupp still chained to the wall. Singing and all.,ImplicitHate-stg2-irony,all
"What is the difference between the highway at rush hour and the line at KFC? Nothing, they are both black and dangerous to cut through",ImplicitHate-stg2-irony,all
My girlfriend broke up with me for stealing her wheelchair I know she'll come crawling back eventually,ImplicitHate-stg2-irony,all
what did the black kid get his friend for his birthday? my bike.,ImplicitHate-stg2-irony,all
What do you call a Muslim emperor? Napoleon Blownaparte,ImplicitHate-stg2-irony,all
Why do black people only have nightmares? Because we killed the only one with a dream,ImplicitHate-stg2-irony,all
I don’t think I’m racist I love black people I think every family should have one,ImplicitHate-stg2-irony,all
What do you call a fight between a mexican and a child molester? Alien vs Predator,ImplicitHate-stg2-irony,all
Where do people in China buy their groceries? Pets at Home.,ImplicitHate-stg2-irony,all
How does a black guy Send mail? With food stamps,ImplicitHate-stg2-irony,all
Africa is really boring during Halloween Everyone's a skeleton,ImplicitHate-stg2-irony,all
"Since Harriet tubman is on the 20 dollar bill now, is it worth 3/5 of a 20 now?",ImplicitHate-stg2-irony,all
What do you call a white girl who’s faster than her brothers? A redneck virgin,ImplicitHate-stg2-irony,all
I have blue eyes. I got them from my dad. My mum has black eyes. She also got them from my dad.,ImplicitHate-stg2-irony,all
What's the difference between a black man and a pizza? A pizza can feed a family of four,ImplicitHate-stg2-irony,all
Where are Jews most found? In the atmosphere.,ImplicitHate-stg2-irony,all
What do you call a picture of smoke? A Jewish family photo,ImplicitHate-stg2-irony,all
Why do black rappers always wear jewelry? The chains remind them of were they came from.,ImplicitHate-stg2-irony,all
What’s the difference between science and religion? Science will fly you to mars. Religion will fly you into a skyscraper,ImplicitHate-stg2-irony,all
whats a gay guys favorite restaurant? five guys,ImplicitHate-stg2-irony,all
What’s the difference between black people and communism? People thought communism could work.,ImplicitHate-stg2-irony,all
Why are all women left handed? Because they don't have rights.,ImplicitHate-stg2-irony,all
Whats tougher than a white man roaming the streets of Compton.... A dog roaming the streets of China,ImplicitHate-stg2-irony,all
Why don't Asians like Monopoly? They can't buy any of the corners to turn into a shop.,ImplicitHate-stg2-irony,all
What’s the best part of being a doctor? Vegetables don’t need to give consent.,ImplicitHate-stg2-irony,all
"Why does Beyoncé always sing ""To the left, to the left"" Because black people have no rights.",ImplicitHate-stg2-irony,all
What's a 1000 meters long and has an IQ of 68? A black lives matter parade.,ImplicitHate-stg2-irony,all
I had some “Muslim Fried Chicken” the other day. It was exploding with flavour.,ImplicitHate-stg2-irony,all
"I painted my computer black hoping it’d run faster, but now it doesn’t work.",ImplicitHate-stg2-irony,all
How do you know if a black girl is pregnant? The cotton is picked off the tampon,ImplicitHate-stg2-irony,all
"A black guy and Mexican were in a car, Who is driving? The Cop",ImplicitHate-stg2-irony,all
What do you call a white guy surrounded by a thousand black guys? A warden,ImplicitHate-stg2-irony,all
What's the difference between a feminist and a knife? A knife has a point.,ImplicitHate-stg2-irony,all
Hitler just suck at running He cant even finish a race,ImplicitHate-stg2-irony,all
What do you get when throw a Molotov cocktail into a gay pride parade? An LGBTQBBQ,ImplicitHate-stg2-irony,all
Well today in school i farted infront of my Jewish friend And when he looked at me i said sorry Its a little gas it wont kill anybody,ImplicitHate-stg2-irony,all
What’s blue and white and red all over? A cop at a BLM rally.,ImplicitHate-stg2-irony,all
Why do Puerto Ricans hang the Puerto Rican flag in their car? So they dont steal from each other.,ImplicitHate-stg2-irony,all
A black man walks into a bar with a parrot on his shoulder. Bar tender goes he man that's neat where did you get that? The parrot says Africa there all over the fucking place!,ImplicitHate-stg2-irony,all
What do White people get in return for letting Blacks have Black heritage month? Father's Day,ImplicitHate-stg2-irony,all
Why do white people have such a pleasant scent? So blind people can distinguish them from animals too.,ImplicitHate-stg2-irony,all
How do you call a car thief that can't drive? A black woman.,ImplicitHate-stg2-irony,all
What do you call it when you throw a Molotov cocktail into the special-ed room? Hot potato,ImplicitHate-stg2-irony,all
What do you call a black person on top of a church? Holy shit,ImplicitHate-stg2-irony,all
What's the difference between black dad's and boomerangs Boomerangs are expensive,ImplicitHate-stg2-irony,all
Boomerangs are like dads... The black ones don't come back.,ImplicitHate-stg2-irony,all
Why did I get a white car? So it would actually work!,ImplicitHate-stg2-irony,all
You know the only good thing about being a Jewish chimney sweeper in Auschwitz? You get to have all your family and friends around you.,ImplicitHate-stg2-irony,all
Gay Muslims are the horniest. They blow the entire neighborhood.,ImplicitHate-stg2-irony,all
What do blacks and this thread have in common? Both are gonna get locked up,ImplicitHate-stg2-irony,all
"Blacks are a lot like apples After all, it's just natural for them to hang from trees",ImplicitHate-stg2-irony,all
Why are jews ok with holocaust jokes? Because they're used to being roasted,ImplicitHate-stg2-irony,all
What's the difference between a dog and a pizza? One can feed a family of four Asian people.,ImplicitHate-stg2-irony,all
"A white man and a black man play hide and seek at night. Who has the advantage? The white man, as the cops are on his side.",ImplicitHate-stg2-irony,all
How do you get 20 jews in the back seat of a Volkswagen? Toss a $50 in the back seat,ImplicitHate-stg2-irony,all
Why are black people so fast? The slow ones are in the prison.,ImplicitHate-stg2-irony,all
How come there aren't any Mexicans in Star Trek? They don't work in the future either.,ImplicitHate-stg2-irony,all
My sense of humour is so dark It pays child support,ImplicitHate-stg2-irony,all
What do you call a black guy with half a brain? Gifted,ImplicitHate-stg2-irony,all
"Do you want to know how a depressed person can beat depression quick? Just give them a chair and a rope, the depression will be gone in a matter of minutes!",ImplicitHate-stg2-irony,all
What do Muslims have in common with Darth Vader? They both offer you to come to the dark side before killing you,ImplicitHate-stg2-irony,all
What does a black guy and a basketball have in common? They both get shot,ImplicitHate-stg2-irony,all
What do you call a bunch of Muslim superheroes? Suicide squad,ImplicitHate-stg2-irony,all
What do you call the citizens of Hiroshima? Fried Rice,ImplicitHate-stg2-irony,all
Why don't blacks celebrate Thanksgiving? Because KFC is not open on holidays!,ImplicitHate-stg2-irony,all
What are the advantages of being blacc? You can attend a funeral naked...,ImplicitHate-stg2-irony,all
"What have parents and pizzas in common? When they're black, there's no food.",ImplicitHate-stg2-irony,all
What’s the same about a black person and a school? They both get shot up by white people.,ImplicitHate-stg2-irony,all
What's Hitler's favorite breakfast beverage? Freshly squeezed orange jews.,ImplicitHate-stg2-irony,all
What do you get when you put a gay Canadian flight attendant in the same room as a monkey? An aids epidemic.,ImplicitHate-stg2-irony,all
What does a redneck girl say when she meets her first lover? Hi dad!,ImplicitHate-stg2-irony,all
How dark is my humour? It picks cotton.,ImplicitHate-stg2-irony,all
"I love the Legend of Zelda games. Name the games after the girl so she feels important, but has next-to-no involvement whatsoever in them.",ImplicitHate-stg2-irony,all
"a jew and a black are about to get shot, who dies first the jew had coins as body armor while the black dude had child support papers to protect himself",ImplicitHate-stg2-irony,all
I asked a Jewish girl for her number.. And she rolled up her sleeve,ImplicitHate-stg2-irony,all
"I have no doubt that Jesus was a black man. Just like in the case of black dads, everyone is waiting for his second coming.",ImplicitHate-stg2-irony,all
My humour is so dark that cops are beating it,ImplicitHate-stg2-irony,all
Why don't Africans play on Minecraft servers? They're on the blacklist,ImplicitHate-stg2-irony,all
What is the only football team a black person can join? The stealers.,ImplicitHate-stg2-irony,all
What’s the difference between a black man and park bench? A park bench can support a family of 4,ImplicitHate-stg2-irony,all
"Why do black people like basketball? Because they can shoot, steal and drive.",ImplicitHate-stg2-irony,all
Did you hear about the two car pile up in Mexico? 200 Mexicans died.,ImplicitHate-stg2-irony,all
"“I think a lot, but I don’t say much.” ~ Anne Frank But lately she’s been proven to have not said anything for almost a century",ImplicitHate-stg2-irony,all
Japanese people are bad pilots They always crash into ships,ImplicitHate-stg2-irony,all
What do brick sidewalks and fat women have in common They both get laid by mexicans,ImplicitHate-stg2-irony,all
what do you call a jew that jumps out of a plane a falling star,ImplicitHate-stg2-irony,all
If a woman is in a forest and there is no one around to hear her. Is she still wrong?,ImplicitHate-stg2-irony,all
What happens when God lowers the graphics and increases the difficulty ? We all turn black.,ImplicitHate-stg2-irony,all
"Don’t bully people with obesity! I’m being serious guys, they already have enough on their pl8!",ImplicitHate-stg2-irony,all
What did the black girl get after having an abortion? $500 from crime stoppers,ImplicitHate-stg2-irony,all
Whats the best part of an ISIS joke? The Execution,ImplicitHate-stg2-irony,all
What does black Fred Flintstone say? I yabba dabba dindu nuthin,ImplicitHate-stg2-irony,all
"How are people with mental disabilities similar to electronic products? Sometimes they are, ""batteries not included""",ImplicitHate-stg2-irony,all
Which Magic Wand can only make Men disappear? Pregnancy Test Sticks,ImplicitHate-stg2-irony,all
Why are the dogs in china really fast? the slow ones were eaten,ImplicitHate-stg2-irony,all
How dark is my humor Dark enough to get six warning shots in the back,ImplicitHate-stg2-irony,all
What's the difference between a black person and a couch? The couch can support a family,ImplicitHate-stg2-irony,all
How does a Mexican family take a photo together? They get in the back of a truck and run a red light.,ImplicitHate-stg2-irony,all
Why is all medicine white? Blacks don't work,ImplicitHate-stg2-irony,all
Wanna hear a joke? Black Lives Matter,ImplicitHate-stg2-irony,all
Whats a word that begins with N ends in R and you should never call a black person? Neighbor,ImplicitHate-stg2-irony,all
What Do You Call It When An Ethiopian Baby Cries? A mid-life crisis,ImplicitHate-stg2-irony,all
"How do you always win an argument against a black person? Call him ""Dad"" and he'll run away.",ImplicitHate-stg2-irony,all
Why are black fathers and Shaq's free throw attempts the same? They're always missing.,ImplicitHate-stg2-irony,all
What’s the most common fish in the Mediterranean Sea? The Syrian refugee,ImplicitHate-stg2-irony,all
Name one positive about Africa. The HIV Tests.,ImplicitHate-stg2-irony,all
What do you do when you see a black guy on stage? You raise your hand to bid on him.,ImplicitHate-stg2-irony,all
What’s the difference between Harry Potter and the Jews? Harry was looking for the chamber,ImplicitHate-stg2-irony,all
What do you call four Mexicans in quick sand? Quattro sinko,ImplicitHate-stg2-irony,all
I reported a video on YouTube for animal abuse My report got rejected; it was footage of a black man being beaten,ImplicitHate-stg2-irony,all
What's a Jew's favorite book? Gone with the wind.,ImplicitHate-stg2-irony,all
"Why are your mom jokes not your dad jokes? Because the creator of the first ""your mom"" joke was black",ImplicitHate-stg2-irony,all
The reason I date a black girl So I don't have to meet her dad,ImplicitHate-stg2-irony,all
What do you call an educated woman? Intellectual property,ImplicitHate-stg2-irony,all
a black man with a parrot enters a bar the bartender asks where did you get it africa answers the parrot,ImplicitHate-stg2-irony,all
What's Hitler's favorite time of the year Gas season,ImplicitHate-stg2-irony,all
What do apples and black people both have in common? They both hang from trees,ImplicitHate-stg2-irony,all
What's the difference between heroine and a black person? I think twice about shooting heroin.,ImplicitHate-stg2-irony,all
Where could you find a quadriplegic? Where you left him.,ImplicitHate-stg2-irony,all
Yall need to chill. Racism is a crime. And crime is for black people,ImplicitHate-stg2-irony,all
What happens when you roast the quiet Asian kid? Your pet goes missing.,ImplicitHate-stg2-irony,all
"I got a handjob from a blind girl, my friend asked me how was it I replied “Ah blind girls—you have to hand it to them”",ImplicitHate-stg2-irony,all
How was the Grand Canyon created? A jew dropped a penny in a mole-hole,ImplicitHate-stg2-irony,all
Muslim kids... They blow up so fast.,ImplicitHate-stg2-irony,all
If only Africa had more mosquito nets If only Africa had more mosquito nets then every year we could save millions of mosquitoes from dying needlessly from AIDs.,ImplicitHate-stg2-irony,all
How do you stop black kids from jumping on the bed? Put Velcro on the ceiling,ImplicitHate-stg2-irony,all
What's one thing you never say to a school shooter Think of the children,ImplicitHate-stg2-irony,all
How do you get a black man out of a tree? Cut the rope.,ImplicitHate-stg2-irony,all
"Helen Keller walked into a bar and then a chair, and then a table",ImplicitHate-stg2-irony,all
Why do sumo wrestlers shave their legs? So that people don't confuse them for feminists.,ImplicitHate-stg2-irony,all
What's the difference between a black slave and a black surfer? One hangs high and the other hangs loose.,ImplicitHate-stg2-irony,all
"Why did Beyonce say ""to the left,to the left""? Because black people have no rights.",ImplicitHate-stg2-irony,all
Guys I have a question: when a gay couple gets married Who makes the sandwiches?,ImplicitHate-stg2-irony,all
Heard this from a 12 year old: 'Whats the difference between black people and apples?' I like apples,ImplicitHate-stg2-irony,all
"Friend: how dark is your humor? Me: If you whip it enough, it will start picking cotton.",ImplicitHate-stg2-irony,all
What do you say to a black guy in a three piece suit? Will the defendant please rise,ImplicitHate-stg2-irony,all
how do you call a black man you call his cell number,ImplicitHate-stg2-irony,all
What is an Ethiopian's favorite videogame? Don't Starve,ImplicitHate-stg2-irony,all
How do you get 11 million followers? Run through Africa with a bottle of water.,ImplicitHate-stg2-irony,all
Wanna hear my favorite oximoron? Black people.,ImplicitHate-stg2-irony,all
What do you call it when a black person hides from a cop at night? Good use of camouflage.,ImplicitHate-stg2-irony,all
What does a black woman receive when she has an abortion? A thank you letter from welfare.,ImplicitHate-stg2-irony,all
What's the one good thing about black people? They provide jobs for the prison guards,ImplicitHate-stg2-irony,all
"I'm not racist racism is a crime, and crime is for black people.",ImplicitHate-stg2-irony,all
What do you call a black person with rights? Nonexistent,ImplicitHate-stg2-irony,all
Why do black people turn left? Because they don't have rights.,ImplicitHate-stg2-irony,all
What's the only time you wink at a black person ? When you're aiming.,ImplicitHate-stg2-irony,all
How do you track a Cherokee. Follow the tears.,ImplicitHate-stg2-irony,all
Did they try turning Stephen Hawking off and on again?,ImplicitHate-stg2-irony,all
"Today, I bought a Rolex from a black guy for a bargain. I would even say it was almost a steal.",ImplicitHate-stg2-irony,all
"What's black, white and rolls around on the beach? A black man and a seagull fighting over a chip.",ImplicitHate-stg2-irony,all
What's the difference between Batman and a black man? Batman can go out at might without robin.,ImplicitHate-stg2-irony,all
What do we call marijuana addicts? Mexicans.,ImplicitHate-stg2-irony,all
What part of a vegetable cant you eat? The wheelchair,ImplicitHate-stg2-irony,all
A Muslim man said “Allah Akbar” But I thought he was sneezing so I said “god bless you” and I was blown away by his reaction.,ImplicitHate-stg2-irony,all
Homeless Where do Western Hobo's go for food? Food shelter Where do Asian Hobo's go for food? Dog shelters,ImplicitHate-stg2-irony,all
How black mothers keep their children from biting their nails? they make them wear shoes,ImplicitHate-stg2-irony,all
What do you call 1 black person on the moon? A problem What do you call 2 black people on the moon? A problem What do you call the entire population of black people on the moon? Problem solved!,ImplicitHate-stg2-irony,all
How do you start an african rave? Staple toast to the ceiling.,ImplicitHate-stg2-irony,all
"Special ed classes are superior to the rest in, at least, one thing Chromosome average",ImplicitHate-stg2-irony,all
How do you make a baby explode You convert it to islam,ImplicitHate-stg2-irony,all
There was this great German Hotel that closed down in 1945. It gave free food and free hairdo's. It was called Aushwitz.,ImplicitHate-stg2-irony,all
"Why do epileptics bexome atheists in December? Because they found out that ""Jesus is the reason for the seizin'""",ImplicitHate-stg2-irony,all
What should you never give a dyslexic person for breakfast? Alpha-bits,ImplicitHate-stg2-irony,all
"What do you call a black man that has eight arms? I don't know, but it picks cotton really fast!",ImplicitHate-stg2-irony,all
I painted my computer black to make it run faster It shot me,ImplicitHate-stg2-irony,all
Women deserve equal rights. And Other Hilarious Jokes You Can Tell Yourself,ImplicitHate-stg2-irony,all
What’s the difference between a Jew and a bullet? Only one escapes the chamber.,ImplicitHate-stg2-irony,all
"I think its wrong to refer to a negro as ""boy"" That implies they are people.",ImplicitHate-stg2-irony,all
"Teeth are like people All want to be white, most are yellow and the black ones don't work",ImplicitHate-stg2-irony,all
"Criminals are like just normal, regular people... ... But with darker skin.",ImplicitHate-stg2-irony,all
Why was six afraid on seven? Because seven is black,ImplicitHate-stg2-irony,all
Why shouldn't men hit their wives ? When you damage your property it loses value.,ImplicitHate-stg2-irony,all
"my african friend asked me if he could ask for bob and vegene i told him ""u better ask for food""",ImplicitHate-stg2-irony,all
what did the african kid get for christmas aids,ImplicitHate-stg2-irony,all
"What's the difference between homeless people and rats? Nothing, they both are infestations to big cities",ImplicitHate-stg2-irony,all
"Why is Mexico so bad at the Olympics? Because every mexican that can run, jump and climb is allready on the U.S.A",ImplicitHate-stg2-irony,all
Black people are like mitochondria They're the powerhouse of the cell,ImplicitHate-stg2-irony,all
I studied zoology It helped me better understand black people and their behavior,ImplicitHate-stg2-irony,all
why do jews get circumcised ? jewish women wo n't touch anything that is n't <number> off .,ImplicitHate-stg2-irony,all
"what is a muslim 's favourite band ? the taliband , their performances always blows the audience away",ImplicitHate-stg2-irony,all
how do you prevent black people from stealing your stuff ? hide it at the bottom of the pool,ImplicitHate-stg2-irony,all
black people are like tires they work better with chains,ImplicitHate-stg2-irony,all
"a muslim couple just got married it is working out well enough , but the husband will not let his wife drive for at least <number> years . one day the wife go 's up to him and asks why she must wait such a long time . he replies "" oh well , to get your drivers licence in this country you must be <number> years or older """,ImplicitHate-stg2-irony,all
what do you call a good looking muslim ? asif,ImplicitHate-stg2-irony,all
what do you call a black woman who 's had <number> abortions ? a crime fighter,ImplicitHate-stg2-irony,all
why did a black man cross the road ? hey ! gimme back my wallet !,ImplicitHate-stg2-irony,all
"how do you fit a group of jews into a mercedes ? <number> in the front , <number> in the back and <number> in the ashtray .",ImplicitHate-stg2-irony,all
important sometimes it is very important if a sentence was said by a man or a woman . a good example : “ i used a whole pack of tissues during that awesome movie yesterday ! ”,ImplicitHate-stg2-irony,all
what do you call a woman who thinks she can do anything a man can do ? wrong .,ImplicitHate-stg2-irony,all
bad drivers are fined $ <number> now that s just sexist .,ImplicitHate-stg2-irony,all
"cooking is an important skill . cook for an african man , and he will be hungry for a day less . cook an african man , and all the nearby african men will be hungry for a day less . -- some tribe leader",ImplicitHate-stg2-irony,all
"wanna be like hitler , but have no oven ? throw a penny off a cliff .",ImplicitHate-stg2-irony,all
i painted my laptop black so it would run faster . <repeat> and now it wo n't work,ImplicitHate-stg2-irony,all
what do you call an ethiopian with buck teeth ? a rake .,ImplicitHate-stg2-irony,all
you want to hear a joke ? women 's rights,ImplicitHate-stg2-irony,all
what does a muslim do with their iphone <number> ? just kidding ! they prefer the note <number>,ImplicitHate-stg2-irony,all
what 's the difference between batman and a black man ? batman can go to the store without robin .,ImplicitHate-stg2-irony,all
"what 's the difference between a boko haram training camp and a nigerian refugee camp ? i do n't know , i just fly the fighter jet .",ImplicitHate-stg2-irony,all
what do you do when someone is having a seizure in the bath ? throw a load of dirty laundry in .,ImplicitHate-stg2-irony,all
why are women like clouds ? because they dampen your day when they 're around but once they 're gone the day is much better .,ImplicitHate-stg2-irony,all
what is the difference between a homosexual and a mentally ill person ? nothing .,ImplicitHate-stg2-irony,all
how can you tell if a shark met an asian ? its fins are missing .,ImplicitHate-stg2-irony,all
"how many times can you screw a blonde ? i do n't know , how much time you got ?",ImplicitHate-stg2-irony,all
what do you give an african child for its first birthday ? roses on its grave .,ImplicitHate-stg2-irony,all
"pink shutters a man walked into a whore house and asked the man running it to give him the biggest black woman that the whore house had . the man at the counter said alright that will be <number> and told him to go to room <number> the man went up to room <number> and the biggest black woman he had ever seen answered the door . the man walked in and asked the woman to take off all her clothes , lay on the bed and spread her legs . <repeat> she did as she was told , the man stood there and just looked at her for a minute , then he said ok i m finished you can put your clothes back on . <repeat> the woman got up and was confused as she asked , "" why did nt you do anyting ? "" the man replied . <repeat> well i am painting my house brown and i wanted to see what it looked like with pink shutters",ImplicitHate-stg2-irony,all
darth vader … was the first black guy to freely admit to being the father .,ImplicitHate-stg2-irony,all
why are the japanese so skinny ? it did n't end very well for them the last time a fat man was in their country .,ImplicitHate-stg2-irony,all
what 's with all the recent terror attacks ? its ramadan . and you 're not you when you 're hungry .,ImplicitHate-stg2-irony,all
what do you call an ethiopian with a yeast infection ? a quarter pounder with cheese .,ImplicitHate-stg2-irony,all
what 's the difference between a black man and a lawn decoration ? a footstool and some rope .,ImplicitHate-stg2-irony,all
what 's black and screams ? stevie wonder answering the iron .,ImplicitHate-stg2-irony,all
"a black guy goes to a doctor 's office to get a vasectomy . he shows up in a limo wearing a tuxedo . when it 's his turn , the doctor looks at him and says , "" i 've seen a lot of things , but i 've never seen a guy coming in all dressed up like that ! "" and the black guy says , "" well , if i 'm gon na be im - po - tent , i 'm gon na look im - po - tent ! """,ImplicitHate-stg2-irony,all
who 's visiting millions of african children every year on christmas eve ? death .,ImplicitHate-stg2-irony,all
cripples what do you call three people in wheelchairs stacked on top of each other ? a vegetable rack .,ImplicitHate-stg2-irony,all
what s the difference between a black person and a colorful explosion in the sky ? fire works,ImplicitHate-stg2-irony,all
what happened to the girl who had a black heart ? cardiac arrest .,ImplicitHate-stg2-irony,all
i ca nt wait for harriet tubman to be on the $ <number> bill i can finally use black people as currency again .,ImplicitHate-stg2-irony,all
if you donate just <number> pound a month . . . you can help us make another advert with sad looking african children in it .,ImplicitHate-stg2-irony,all
why are black people so good at excel ? they know a lot about cells,ImplicitHate-stg2-irony,all
i 'm not racist there are black people in my family tree .,ImplicitHate-stg2-irony,all
"why should you never marry a jewish woman ? when dinner time comes , they 're too scared to get near the oven",ImplicitHate-stg2-irony,all
"daddy , am i more black or muslim ? - why are you asking , son ? - there is a bank on the <number> h floor of a new building , and i do n't know whether to rob it or fly a plane into it .",ImplicitHate-stg2-irony,all
"from what i understand most major religions all pray to the same god . after tragedies often i hear ' god has a plan ' well , frankly i think they are right . like after sandy hook , you know , like <number> kids were murdered . that was part of gods plan . i mean , how else is he going to keep coming up with virgins for the suicide bombers .",ImplicitHate-stg2-irony,all
what do you call a sheet of metal leaning on a tree ? free aboriginal housing .,ImplicitHate-stg2-irony,all
what do you call a homosexual on rollerblades ? rolaids,ImplicitHate-stg2-irony,all
what 's the difference between harry potter and jews ? harry escaped the chamber,ImplicitHate-stg2-irony,all
"so i almost dated this cute muslin chick in middle school but after her social media phase , she kinda blew up . <repeat>",ImplicitHate-stg2-irony,all
how many feminists does it take to change a light bulb ? feminists ca n't change anything .,ImplicitHate-stg2-irony,all
why do black people like the pokemon anime ? because they can relate to the main character 's fatherlessness .,ImplicitHate-stg2-irony,all
what do you call a letter from a feminist ? hate male,ImplicitHate-stg2-irony,all
what is ironic about the lgbt <allcaps> flag ? all the colors are straight .,ImplicitHate-stg2-irony,all
why did they plant trees in harlem ? for free public transit .,ImplicitHate-stg2-irony,all
"woman : what were the results from the test ? doctor : there are good news and bad news , the good news is that your child will always find a parking space",ImplicitHate-stg2-irony,all
did you hear about the woman who got hit by a car ? police are questioning why she was out of the kitchen .,ImplicitHate-stg2-irony,all
if a muslim beats his wife is it domestic violence or child abuse ?,ImplicitHate-stg2-irony,all
"what happens when you boil a cabbage ? i do n't know , a japanese guy stabbed him before i could find out .",ImplicitHate-stg2-irony,all
"offensive joke . well , i hope anyway a little black jewish boy says to his daddy , "" dad am i more black or jewish ? "" "" why do you ask ? "" , says the dad . the boy says , "" well a guy at school has a bike for sale for $ <number> and i ca n't decide if i want to haggle him down to $ <number> or just steal it . """,ImplicitHate-stg2-irony,all
what do you call a muslim at a peace rally ? lost .,ImplicitHate-stg2-irony,all
jews what 's the best jew joke ever ? the holocaust,ImplicitHate-stg2-irony,all
what 's the best way to wash down five hundred chocolates ? katrina .,ImplicitHate-stg2-irony,all
what 's the difference between feminists and hockey players ? hockey players shower after <number> periods .,ImplicitHate-stg2-irony,all
what 's the hardest part about being a muslim ? pilot school,ImplicitHate-stg2-irony,all
"the prophet mohammed and his wife walk into a pub and the barman says , "" sorry , mo , kids have to stay outside in the garden . """,ImplicitHate-stg2-irony,all
how did the jewish kid cheat on his math test ? he used the numbers on his arm .,ImplicitHate-stg2-irony,all
i fuck my wife the same way islam fucks muslims . <repeat> <number> times a day and she has to face me while being submissive .,ImplicitHate-stg2-irony,all
why is jesus probably black ? because he can not tell who was his real father .,ImplicitHate-stg2-irony,all
volkswagen gas emissions scandal . the germans are still trying to gas us .,ImplicitHate-stg2-irony,all
let 's be honest here . <repeat> the real reason why the great irish potato famine happened was because the irish figured out that they could also eat the potatoes .,ImplicitHate-stg2-irony,all
a gay muslim walks into a bar . <repeat> he ordered shots for everyone .,ImplicitHate-stg2-irony,all
what did hitler say to the defeated jewish cowboy ? reich for the sky !,ImplicitHate-stg2-irony,all
"shopkeeper runs the numbers . fifteen skinheads chased a pakistani into a shop and proceed to kick seven flavours of shit out of him . eventually , the police arrived and arrested everyone . one of the coppers walked over to the shop assistant and asked if he saw it all happen . when the clerk replied , "" yes , "" the cop asked why he did n't help out . "" i thought fifteen was enough , "" came the reply .",ImplicitHate-stg2-irony,all
the young homeless girl was delighted when i asked if i could take her home . she was n't too excited when i walked off with her cardboard box .,ImplicitHate-stg2-irony,all
"you can tell a lot about a man by the car he drives for example , if it 's a black man , it 's not his car .",ImplicitHate-stg2-irony,all
jewish jokes what 's the difference between a jew and a stiff nipple . <repeat> othing because they both disappear after hot shower,ImplicitHate-stg2-irony,all
what 's a mexicans favourite sport ? cross country,ImplicitHate-stg2-irony,all
what do you get when you cross a black man and an octopus ? i do n't know but it 's damn good at picking cotton .,ImplicitHate-stg2-irony,all
what do you call a mentally handicapped jew ? aushwistic .,ImplicitHate-stg2-irony,all
i got arrested for killing a black man . they charged me for impersonating a police officer .,ImplicitHate-stg2-irony,all
"i knew a guy who died in a terrorist attack . <repeat> his last words were "" allahu akbar """,ImplicitHate-stg2-irony,all
"i guess bradley manning really is a woman i mean , how else could he fuck up killing himself ?",ImplicitHate-stg2-irony,all
i like my women like my wine aged <number> years and stored in the cellar,ImplicitHate-stg2-irony,all
why are aspirins white ? because they work,ImplicitHate-stg2-irony,all
how do you make a jew prematurely ejaculate ? pay for dinner,ImplicitHate-stg2-irony,all
"is the glass half full or half empty ? i really do n't know , because there 's different ways to look at it : - optimism : the glass is half full . - pessimism : the glass is half empty . - feminism : the glass is raping me .",ImplicitHate-stg2-irony,all
what is the difference between a feminist and a suicide vest ? i can turn on a suicide vest .,ImplicitHate-stg2-irony,all
what 's the difference between a jew and a bullet ? a bullet can escape the chamber,ImplicitHate-stg2-irony,all
"what phrase do black men always love to hear ? "" you are not <allcaps> the father ! """,ImplicitHate-stg2-irony,all
how do you starve a black man . <repeat> put his food stamps under his work boots .,ImplicitHate-stg2-irony,all
"you loose your black friend in the dark , where do you lose your muslim friend ? in an explosion",ImplicitHate-stg2-irony,all
what 's the worst thing about being told you have alzheimer 's ? it dosen't happen at once,ImplicitHate-stg2-irony,all
what 's black and white and rolls down a hill ? a maori and a seagull fighting over a fish head .,ImplicitHate-stg2-irony,all
fat chicks . <repeat> make uggs look like socks .,ImplicitHate-stg2-irony,all
why do negros dance to the left ? because they have no rights .,ImplicitHate-stg2-irony,all
what is the difference between a black person and a bench ? at least a bench can support a family,ImplicitHate-stg2-irony,all
"a black woman has seven sons ; jerome , jerome , jerome , jerome , jerome , jerome and jerome . how does she distinguish between them ? by their last names .",ImplicitHate-stg2-irony,all
how do you pickup a jewish girl ? broom and dustpan .,ImplicitHate-stg2-irony,all
what is the usual woman 's response to a black guy 's pickup line ? rape ! <allcaps>,ImplicitHate-stg2-irony,all
my weed is like the qur'an . <repeat> i burn it until i get stoned .,ImplicitHate-stg2-irony,all
what do you call a muslim feminist ? dead .,ImplicitHate-stg2-irony,all
"so the federal government said we are no longer allowed to call people from indiana "" indianians "" . <repeat> now we must refer to them as "" indyots "" .",ImplicitHate-stg2-irony,all
"why do black people take so long to check out at the grocery store ? mixers in one transaction , booze in the other",ImplicitHate-stg2-irony,all
alabama where eharmony and ancestry are the same website .,ImplicitHate-stg2-irony,all
"when i was in t - ball as a kid , i could tell my coach was catholic as soon as i joined the team from the way he molested me the same way my priest did . i mean like to a t.",ImplicitHate-stg2-irony,all
"Oh my God! Yea, that shooting at Haas last week was so crazy! I feel like I go to a ghetto school now!",ImplicitHate-stg2-irony,all
"No offense, but that's seriously gay.",ImplicitHate-stg2-irony,all
I SAID A NORMAL NAME......AMERICAN!!,ImplicitHate-stg2-irony,all
If you can keep your head whilst everyone else around you is losing their's... Than you're probably in an Arabic country fighting for Isis.,ImplicitHate-stg2-irony,all
"Women are like wine: I can only afford the really cheap ones that have the big, ugly boxes that leak.",ImplicitHate-stg2-irony,all
The Jews use to laugh They thought it was just a joke They're not laughing now -Adolf Hitler,ImplicitHate-stg2-irony,all
Check out CBSN On Assignment on CBS at 9pm they are gonna tell moslem kids its not right to cut peoples heads off... could be funny,ImplicitHate-stg2-irony,all
How dare I suggest boys' suffering needs attention too,ImplicitHate-stg2-irony,all
"Shower Thought: If feminism is cancer, is that why ladies afflicted with it often lose their hair?",ImplicitHate-stg2-irony,all
"After watching the clip on ""Mansplaining"" I would like to introduce the term ""Vaginapology"" I believe this is self-explanatory.",ImplicitHate-stg2-irony,all
"Brace yourself, Christmas is coming soon Get your GF now or they will run out of supply",ImplicitHate-stg2-irony,all
"There should be a modernized version of ""The Boy Who Cried Wolf"" called ""The Girl Who Cried Rape""",ImplicitHate-stg2-irony,all
Every woman claims she was raped or sexually harassed in her past They are advertising their desirability to Chad.,ImplicitHate-stg2-irony,all
"Women don't like being treated equally to men, sees having to pay child support as oppression.",ImplicitHate-stg2-irony,all
REMINDER: femoids would rather fuck ABUSIVE CHADS than an incel But don't forget that your personality is the problem.,ImplicitHate-stg2-irony,all
"Seeing prostitutes is morally wrong, but being one is not Why do women defend prostitutes while at the same time judging men for seeing them?",ImplicitHate-stg2-irony,all
I wonder how many females I raped today I spent a lot of time on the subway as a sub 3 and inevitable looked at some females and might have made phisical contact when the train was full,ImplicitHate-stg2-irony,all
If men are so privileged and women have it so hard why are so many men choosing to live as females?,ImplicitHate-stg2-irony,all
"The West has let Islam take over our countries. This is why we are accepting them, we are already corrupted.",mconan,train
Muslims in Britain vote for the Labour party. This is why the problem of antisemitism is not solved. It is a mathematical fact!,conan,train
Jews secretly run our government.,mconan,train
Feminism is the ideology which suggests that men are nothing but trouble and should be subsumed under the rule of women.,mconan,train
"Ignorant People Dont dislike Islam, The More you start knowing about it the More abhorrence you become towards it.",youtube,train
Glad not all men are like that and sad some women are like this... https://t.co/dwvsks2KnK,hateval,train
"I suppose they 're trying to be funny , but it 's really just an effort to continue demonizing Germans and propagating the Holocau $ t .",wsf,train
What has feminism ever done for you?,mconan,train
It'd just be nice if they could stay in the Middle East where they belong.,youtube,train
White kids need to interact with kneegrows and other non white kids or they 'll be lost in the real come the time they leave home ...,wsf,train
I think the UK is more of a lost cause than the US. london has made tons of concessions to non whites .,wsf,train
They have been taking advantage of our over-welcoming nature for far to long .,wsf,train
"Immigrants steal our jobs, and they're leaving on our welfare.",mconan,train
"@simplecotton11 RT #WeThePeople need @realDonaldTrump's actions to start backing up his words with real Conservative actions and results. Not the RINO shit coming out of #Congress, RINOs, McConnell, Ryan, Pence, Brady, & the Koch Brothers. #USA #Americans",hateval,train
"I'm not homophobic, but when the Lord uses the word love it is never about a homosexual.",mconan,train
The gay mafia objective is to convert us all to homosexuality.,mconan,train
Immigrants come here to get taxpayer funded benefits and then want to live in our houses.,mconan,train
They dont have a home cause we took it for their oil.,youtube,train
Why should we try to civilize that which cannot be domesticated or civil ?,wsf,train
Only 8% is a real refugee,mconan,train
A Muslim is loyal only to Allah (as a comment in relation to election for public office etc.).,conan,train
How much longer are we going to wait for them to take care of themselves ?,wsf,train
"For all the people who believe that without migration NHS cannot do it, I would like to tell you that we have already done it in history! (precisely before the 90s and before Tony Blair)",mconan,train
How women have damaged the DNA of men and atrophied their own DNA?,youtube,train
"If only women behaved like men wanted and didn't fight back, 10% of so called ""sexual assaults"" would be solved.",mconan,train
You Anglo-Americans are all welcome to England if you can perform the ' small ' task of riding London of it 's ethnics !,wsf,train
The Jewish are different from other people.,mconan,train
Children cannot be bought.,mconan,train
Apparently the Jews ca n't take it when the truth is spoken about them .,wsf,train
They said they didn't see any scenario where Islam will take over Europe.,youtube,train
People with physical disabilities are always complaining about accessibility.,mconan,train
The link in my sig lne `` Christian Identity and Identifying the jew '' explains this,wsf,train
My wife had to spend time at the UP Hospital in Philadelphia - thank God I was licensed to carry in Pa. Downtown Philadelphia is becoming a cesspool .,wsf,train
It is easier for other races to follow the herd but not Whites .,wsf,train
"Jews insist that they are a peculiar people, in need of a special treatment.",mconan,train
So they can get reparations for their great grand parents ' `` suffering '' plus more .,wsf,train
Almost all Muslims in the UK are jobless and choose not to work.,conan,train
"Sometimes I wonder if it is Because Whites are so much smarter that they find it harder to run together , as opposed to , independently .",wsf,train
"All the migrants in the world cannot replace the hard-working, native-born citizens of our country.",mconan,train
Don't you think that women are complaining a bit too much?,mconan,train
"This is the new normal. We accept homosexuality in our schools and in our neighbourhoods. We accept it in our workplaces and in our houses. What is the problem? No problem, if we are not interested in a decent society.",mconan,train
"Also Gays, Feminists anf athiests won't be persecuted, as it is against islam to kill civillians unless as an act of defense, or if they are criminals.",youtube,train
It is n't enough that we support mesico now we have to support africa .,wsf,train
women play the victim.,mconan,train
"Micheal Hester, Remember in the 15th Century, when muslims ruled Spain?",youtube,train
Would anybody agree if I moved to their house and told them: you have to do things my way now.,youtube,train
@EmmanuelMacron Hello?? Stop groping my nation.Schneider: current migrant crisis “represents a plan orchestrated and prepared for a long time by international powers to radically alter Christian and national identity of European peoples.”http,hateval,train
Sort of a back handed compliment that the anti-Whites are so keen to come on here and tell us that all is lost - in their heart of hearts even they must know that what they have constructed is only temporary and all will be ripped down some day .,wsf,train
More than half of the prisoners in our jails are foreigners,mconan,train
Mentally disabled people have it so easy.,mconan,train
@KamalaHarris @NancyPelosi@RepMaxineWaters @SenSchumerAnd you want open borders and more immigration?? @seanhannityMoment seven masked illegal immigrants storm jewelry store in Texas https://t.co/J5rGl1h87A @MailOnline,hateval,train
"Take it slow then gradual , hell make them watch MTV for a few hours it 's the same thing as animal planet. and just gradually introduce them to your views .",wsf,train
"Oh wait thats what the whites are doing for them , kind of like a zoo ?",wsf,train
I stumbled n this by accident Absolute savages and yet you will have all the liberal women saying how great multiculturalism is and we are all the same Le TÃ © lÃ © gramme - France - Montpellier ( 34 ) .,wsf,train
Jews love to gamble.,mconan,train
"UK Education Secretary: ‘All children from the age of 4 will have mandatory lessons on same sex relationships.’ – This is not about Education, this is about willingly confusing and indoctrinating kids and preventing them from developing their personalities.",mconan,train
"This is the false front which jews present to the world , but jews are quite varied in their opinions and beliefs .",wsf,train
"HOW REFRESHING! In South Korea, there is no such thing as 'political correctness"" when it comes to dealing with Muslim refugee wannabes https://t.co/ZPvIrX1qiy via @barenakedislam",hateval,train
The vast majority of Muslims in the UK are unemployed.,mconan,train
I guess I would be destined for the gas chambers .,wsf,train
The world was fine before religion.,youtube,train
We are not allowed to celebrate Easter as a Christian festival for fear of offending Muslims.,conan,train
We are ruled by a small Jewish elite that exploit the weak.,mconan,train
The thing that concerns me is that he got a house off the council thats a house that a Irish family should have got .,wsf,train
Then we will see who is afraid to leave thier homes after dark or venture into the wrong ' hood .,wsf,train
Muslims living in the UK contribute nothing to our society.,mconan,train
Thank you Sheldon for understanding Geert he is right we need to wake up put politicaly correctness in the garbage.,youtube,train
Muslims cannot add any value to our culture.,conan,train
"What the hell are you talking about? Arabs are different, they don't even speak English.",mconan,train
"A recent poll from yougov indicate that westeners do not consider Islam as good as other religions, and for this fact Islam is unsuitable with western values.",conan,train
I love white people! I am not interested in anyone else!,mconan,train
"Afro-European?? We in UK are white, this just not makes sense.",mconan,train
"If I cannot go to their countries and build a church, why should they come to our countries and build mosques?",conan,train
Jews control Hollywood.,mconan,train
you dont see westerners going to islamic countries and trying to practice western culture!?,youtube,train
Canada is an immigrant country Don't change it to refugee country please,hateval,train
Black folks don't know who their dads are.,mconan,train
"""25% of the population of Belgium are Muslims""?!?!",youtube,train
I saw a white and a black couple the other day and nearly went ballistic and got enraged .,wsf,train
Ever hear of the swiss minaret ban?,youtube,train
"Our government forgot about our Christianity? For long time we fought Muslims, putting an end to their brutality. And now we support them? How could we do such a thing? Soldiers must solve this problem, because this is the real conflict.",conan,train
Jews are the real communists. They control the world.,mconan,train
I wonder why the Jewish Media always pretends that all the blood thirsty third world savages are victims and it is all Whitey 's fault ?,wsf,train
Immigrants speak funny.,mconan,train
"Jews control the banks, Hollywood, the highest offices of government, and most churches. They rule our society.",mconan,train
South Africa has returned to the Stone Age in 20 years .,wsf,train
Gypsies are not like us.,mconan,train
She likes big houses now she can accommodate lots of illegal immigrants https://t.co/Io9z4AXpDF,hateval,train
Wasn't there something like a big bang in which a burrito exploded and all the beans flew everywhere and started reproducing exponentially ?,wsf,train
The only Mexican in town has since moved out and kids can now leave their bicycles in the yard without fear .,wsf,train
Lost - but happy ! Merkel co. has not realized who the reality really is. Poor Germany which want go on to love refugees. https://t.co/cqDtwYUaVU,hateval,train
Jews own most corporations and banks. They own most movie studios and cable companies.,mconan,train
"What do Jewish want in return for their allegiance to the state? Free healthcare, education, housing and employment.",mconan,train
Jews run the world.,mconan,train
The only thing that they care about is welfare and mooching of all the rest of us .,wsf,train
Black people are much more likely to be involved in criminal activities such as drugs and crime.,mconan,train
@CPC_HQ NO. Our immigration system MUST act in the ethnic interests of the founding people and NOT change the racial demographic makeup like it is intentionally doing.Denying Whites their right to survive as separate nations and defend their racial inter,hateval,train
"I agree, but how would you do so? Perhaps at the expense of our veterans or old people like me? If we give them everything we'll be left with nothing.",mconan,train
"What is feminism? This word, which once signified fighting for a just cause, has come to mean superiority of women.",mconan,train
Thank Odin they do n't try to come in the modern day .,wsf,train
The have no concept of honour or of having respect for the feelings of others .,wsf,train
Only places my wife can drive are to restaurants and grocery stores,hateval,train
"Sunnan abu dawud 38.4450 says that if a person does sex with an animal, there will be no sentence for this act.",conan,train
"A woman should be aloud to wear what she wants , its a little thing in the Western world we like to call Freedom .",youtube,train
"There's a place for Poles , it 's called Poland .",wsf,train
Gypsies get the priority for council houses.,mconan,train
"If the Jews are allowed to decide for everyone the correct version of history , I 'm sure they 'll eventually re-write the history around Jesus Christ .",wsf,train
Do you really want to redefine marriage?,mconan,train
Faggots get easily offended by whatever we say to them.,mconan,train
As Hispanic and Negro populations increase test score averages will decrease .,wsf,train
Anyone with half a brain can figure out that the Holocaust never happened.,mconan,train
"At the link just below , I 've been urging our brothers and sisters in South Africa to run that message or a similar message on that site every month : Malaysians , Venezuelans , Chinese let White House broadcast their agendas",wsf,train
Since when are we doing well with Muslims?,mconan,train
@Daily_Express there will be bitterness in the Uk when you sleep rough look up and see refuges walk into houses violence isn't just migrant,hateval,train
Immigrants are coming to the U.S. only as couples to have babies here.,mconan,train
We have become a nation of immigrants.,mconan,train
@MailOnline The other side of the coin is how many migrants got housing in the first place tragedy or no Tragedy will we get new housing no!,hateval,train
"Feminism is all about equality. But this does not mean that they are equal to men. Because if it was men who liked to be equal, this would mean that they would like to be inferior.",mconan,train
"Feminists want women ruling men, that's all.",mconan,train
@Lots_Of_Fun_69 @ljbeebe You can have a decent society that works properly or you can have scores of illegal immigrants; you can NOT afford both. Plain and simple. ðŸ‡¨ðŸ‡¦ðŸ‘µ https://t.co/EOEms8A4AK,hateval,train
"As the saying goes , you can take the ape out of the jungle , but you ca n't take the jungle out of the ape .",wsf,train
Depending on which part of Scotland you 're going to I might have some bad news for you about the Kaffirs .,wsf,train
Islam - Silence is tacit acceptance. Raise your voice before it is too late!,conan,train
It 's just the way they are .,wsf,train
Only White people can be truly 'European'.,mconan,train
Lack of compassion seems to go hand and hand with lack the of White blood .,wsf,train
"We have a lot of issues in the UK, and now we are also paying NGOs to rescue migrants. How many other financial scandals still have to be annouonced to the tax payers?",mconan,train
"The British people should use those houses, not immigrants.",mconan,train
Why taxpayers should be burdened with expensive legal process for illegal refugees?Your opinion?,hateval,train
The Jews control Hollywood.,mconan,train
I would like to ask all these people supporting the idea that the NHS couldn't survive without migration how did it do it before mass migration and Tony Blair's migration policies in the 1990s.,mconan,train
"#Czechia Zeman labeled this disturbing attitude practiced by West EU leaders as “cowardice masquerading as tolerance”.But also migration pimps @AmnestySlovenia, other NGOs begin intimidation campaigns directed at border guards in Slovenia, Croatia.Europe must support the guards https://t.co/ZacaqpHV9K",hateval,train
"Im living in Burnaby , all i see is Chinamen everywhere ... what happened to the great colony built by the British Empire ?",wsf,train
"Denmark : 2.3 ( 2001 ) , 1.1 ( 2002 ) , 0.9 ( 2003 ) , 0.6 ( 2004 ) . ( assuming population of 5.4 million ) Good job Denmark !",wsf,train
Nazi were not that bad as we depict them. EU should stop blaming them.,mconan,train
"""christians are pro israel !"" LOL honey.",youtube,train
I do like the outfit they dressed the simian in ; he looks so regal,wsf,train
It is strange how now the majority of 'Easter Eggs' are named 'Chocolate Eggs'. Maybe this change happened because of the Muslims in our country? The companies do not respect our culture!,conan,train
We are looking into building `` mud free zones '' by way of taking over key locations and building a refuge for our racial kindred .,wsf,train
My wife showed me a Kibble 's - n - Bits commercial last night wherein a mixed couple was presented as `` normal . '',wsf,train
"Jews are ruling the World, there is plenty of evidence.",mconan,train
"Whenever Islam is threatened by another religion, it will rise up and take over the world.",mconan,train
"Shouldn't we concentrate on helping ourselves, rather than the physically challenged people?",mconan,train
"In fact , if you buy California fruit , you have tasted illegal alien DNA .",wsf,train
"Right now when I think of WASP 's , I think of New England liberals who have never had a taste of diversity in their life .",wsf,train
The comments section was disabled at Fox News for this article. That could mean the perpetrator is an immigrant or from an immigrant background. But maybe not. Could be a sick white person as well. Evil comes in all colors.,hateval,train
"There are too many differences between Muslims and us, for example Muslims have different laws from us.",conan,train
Feminists are against the interests of the men.,mconan,train
Migrants without permission to stay can still access our welfare,mconan,train
You are right: A religion of PIECE.,youtube,train
We have too many foreigners in our country and i fear for the future of all English people .,wsf,train
And here 's what David Irving 's site offers on Hitler 's Table Talks .,wsf,train
Hitlerjugend Quex Der Ewige Jude Jude Suss Those are some movies the Nazi 's made and are very good and informative .,wsf,train
"The only purpose of Islam is to control, Muslims must follow the Koran, they cannot do anything else. Islam does not give space to creativity and freedom.",conan,train
Can't they trade her for 5 illegal immigrants? https://t.co/1YSh9DBQiL,hateval,train
Children should learn about gender identity and sexual orientation from their families rather than in class from LGBT fundamentalist.,mconan,train
Jewish folk are different.,mconan,train
I dont see them spreading to other countries spreading their hate speech.,youtube,train
We cannot even celebrate Christmas in our own country for fear of offending Muslims.,conan,train
Muslims are building Mosques everywhere!,mconan,train
"Jews control the world's news media, Hollywood, the highest offices of education and most important of all, the highest courts of law.",mconan,train
Is it really ok to date someone of the same sex? I find it highly questionable.,mconan,train
"Jews control the financial world, Hollywood, academia, and most importantly: government.",mconan,train
Germany: Islamic-inspired children’s park in Berlin to introduce children to Islam and the Islamic culture of the refugees - Free Speech Time - https://t.co/JTLoPKkZg3 @ISupport_Israel,hateval,train
"We are told that Sharia Law is not the law of the land in the UK, however there is a secret plot to take over our secular state.",mconan,train
@ericuman @ggreenwald @gingerthomp1 How about holding parents responsible for breaking the law and endangering their children by illegally crossing the US border! Catch and release is not a solution it's art of the US immigration problem!,hateval,train
Adopt their musical style and hand gestures and you poison your own soul .,wsf,train
I think it is a bit late to think to look after the safety and the future of white people in South africa .,wsf,train
"Immigration would be good, if it made us richer.",mconan,train
"Hi Im tv free do n't have kids yet reading mending , sewing , menting board games radio study extra curricula actives Good on you for planning a FREE jewv existence",wsf,train
"I stopped there one day looking for a job for my holidays , and I left immediately when I saw it : you can barely find a straight person there in summer .",wsf,train
Migrants steal our jobs.,mconan,train
Just because we can `` breed '' does n't mean we should .,wsf,train
Migrants are just happy-go-lucky people who do not take responsibility for their actions.,mconan,train
I would question this DUMBER then DUMB interviewer what's so bad about pigs and apes anyway?,youtube,train
Jews control the US government.,mconan,train
will Allah reward me with Virgins in heaven?,youtube,train
The goods that England offers should belong to us. Not to people who do not contribute to the state,mconan,train
They're coming out of the woodwork to oppose white unity and White History Month .,wsf,train
"So what was that about a ""religion of peace""?",youtube,train
Muslims come straight out of the Middle East to rule our country.,mconan,train
"Jews control the banks, Hollywood, the highest offices of government, the highest sports teams, the highest fashion labels, the highest music labels.",mconan,train
99% of Muslims in the UK are unemployable and refuse to work.,conan,train
@DiamondandSilk @twins2cool My question to Obama & the libs: Do you leave your home's door wide open when you sleep so that anyone can walk in? Or do you keep it locked so that if someone tries to enter they have to knock so that you can find out who they,hateval,train
"Jews can be bribed with public money, this is called bribery.",mconan,train
There is NO equivalence between Islam & other religions.,youtube,train
Muslims have privileges that we do not have.,conan,train
"All versions of Islam have Sharia law, thus, they are all extreme. Not all Muslims are engaged in actual violences, but every Muslim knows that jihad is the core of their religion, and they all support it.",mconan,train
"If it 's brown , flush it down .",wsf,train
"I like to listen to this preacher , but why do black prreachers always have to scream .",wsf,train
The holocaust never existed except in the minds of the people who believed it .,wsf,train
Women have it so easy. They stay home and have babies.,mconan,train
The goverment is making law exclusively for black people. Affirmative action is just a tool for oppressing white people.,mconan,train
"why should we change the way we live, in a country that my ancestors died for, just for these immigrants to come in and demand change.",youtube,train
We have become too cosmopolitan and tolerant.,mconan,train
They always think they are somehow exempt from the rules,wsf,train
leave our young people alone and their benefits out come the EU act outwith its remit as most of the migrants are from the Middle-East,hateval,train
Maybe the UN could talk to those asian and african nations responsible for 90%+ of the pollution in the oceans' instead of insisting on this bullshit about climate change.,mconan,train
"@CanBorder @rcmpgrcpolice And meanwhile as they bicker our lettuce strainer of a border sees well dressed and outfitted ""refugees"" (code for country shoppers), other illegals and undocumented crossing the border daily... https://t.co/ghVM5IZviU",hateval,train
What is the point of loving someone if you cannot love in a heterosexual way?,mconan,train
"Immigrants steal our jobs, they're not interested in improving our lives.",mconan,train
"I almost forgot: I buy my Korans at Walmart, in the double ply, quilted version.",youtube,train
The Muslims there do not want to assimilate properly into European societies and even call for Sharia law.,youtube,train
Why would I want to contribute to the Kneegrow and spic 's wellbeing ?,wsf,train
Don't they realise that they are just workforce to us?,mconan,train
Our children will be more likely to become radicalised if they are taught that all people are equal.,mconan,train
So whats the problem don't you want a world of peace ???,youtube,train
It is one law for Muslims and another law for us.,conan,train
Watch: Germany embraces the Sharia and allow refugees to marry child - Free Speech Time - https://t.co/AOOZWTF12m @ISupport_Israel,hateval,train
"Illegal immigrants from Bangladesh,Afg r playing havoc in India.High time Mamta&amp;Immigration office take a note,if they have any concern",hateval,train
A woman's place is with her husband or his family.,mconan,train
Migrants are just happy-go-lucky people who do not take responsibility for their actions. If you want to live here you have to work.,mconan,train
"I forsee a big civil war in Europe in the future, because the Muslims will not leave quietly.",youtube,train
A lot of white women are trying to create danger by drawing these other people into our countries .,wsf,train
"If you want to hear what a black `` intellectual '' ( lol ) sounds like , check out the woman in this video trying to debate Dr. William Shockley .",wsf,train
Blacks do not want to work,mconan,train
Last time I checked it was not the 19 'terrorists' who told norad to stand down (dick cheyney).,youtube,train
"Instead of developing, they are producing cheap and well educated laborers for the west...",youtube,train
"Jews are different from non-Jews not because of their beliefs, but because of their physical nature. “Jewishness” is inherited through blood.",mconan,train
The Muslims are imposing their culture in the U.K and the government allows it by submitting to Islam.,conan,train
I CAN POST LIE SAYING THAT ALL RAPES IN ASIA ARE COMMITTED BY EUROPEANS..,youtube,train
Jewish people are featured in the top roles of most companies just because of their race.,mconan,train
Islam members are constantly repeating that Islam is a 'religion of peace' more than other persons belonging to other religion do. I do not understand why Muslims need to repeat this thing so many times?,conan,train
Marxist Subversion happened .,wsf,train
Immigrants should go to @NancyPelosi home in San Francisco bc She believes in #OpenBorders She shouldn't have a problem https://t.co/sSeml9StNb,hateval,train
"We cannot even take the dog for a walk, we could offend Muslims.",conan,train
"Muslims are chosen to do a job instead of British citizens, this is unfair. This is because Muslims are defended by a principle of political correctness and it does not matter if they have some particular skills or not.",conan,train
Jews have a lot in common with monkeys: They are good at sex.,mconan,train
Why gays do not try to heal?,mconan,train
We have become so politically correct that even the mention of migrants is racist.,mconan,train
It 's a symbol demonstrating a lack of oxygen to the head of all its members .,wsf,train
"Great article on the #refugee crisis in Europe. ""The driving question for Europeans is: “How do we make it stop?” But it refers not to the humanitarian drama of the forcibly displaced, just to their ability to reach Europe."" https://t.co/claSlK8lIH",hateval,train
Jews control the u.s. government and have a secret plot to take over the world,mconan,train
"Quite strange, the majority of Easter Eggs are being labelled 'Chocolate Eggs', I think this is because of the Muslims in our country, and the companies are betraying our culture.",conan,train
Immigration Will Not Make America Great Again https://t.co/37VfGTMUhW,hateval,train
Asylum seekers and refugees get free council housing,mconan,train
Muslims are incapable of love.,mconan,train
The war in Iraq is the result of a small group of Jews that control the U.S. government.,mconan,train
Yet my daughter still wants to go outside and play with that thing .,wsf,train
Women should stay at home and raise the children because we need them to do that.,mconan,train
Iranian migrant stabs 6 people on German bus ‘“ Was his plan to burn the passengers alive? https://t.co/NSgaVbBQyy,hateval,train
@DailyMailUK Why do those who have neen accepted as refugees want the uk to take in more ? handing out things wont change peoples mind,hateval,train
"The Jews control the media, Hollywood, the highest offices of government, academia, the highest sports teams, the highest art forms, the highest values. What more could they control?",mconan,train
Migrants are just happy-go-lucky people with no moral code.,mconan,train
diversity is ok with me but you'd best beilieve that you're a canadian if you're going to live in my home,youtube,train
Trump proposal would limit citizenship for legal immigrants on welfare-good it's abt time -76% of immigrants coming to US never get off welfare. Welfare was not meant for a permanent means of income-,hateval,train
The Jews are the only few to receive public welfare.,mconan,train
"He walks upright , and has human arms and legs .",wsf,train
"A #multibillion-dollarcriminalnetwork is being fueled by inadequate refugee policies, experts say... https://t.co/yzbKcYGlQX https://t.co/rV0b5bVUEL",hateval,train
Their aggressiveness is a massive reason for their ' success ' .,wsf,train
"Can anyone answer this question?Why is it OK in this country to make light-hearted, or even offensive comments about Christianity, but similar comments about Islam are considered Islamophobic by the mainstream media?#Burqa #Brexit #bitcoin #immigration #r4today #SaudiArabia",hateval,train
"Damn affirmative action they got the white house , now our beer halls , their is only one safe place left ... God 's save Iceland .",wsf,train
Muslims do not have nothing useful that can enrich our culture.,conan,train
Many philosophers argue that humans are not born equal especially when it comes to gender.,mconan,train
"Just visited the swimming baths with my little lad, 'Muslims Only' Session, couldn't get in. I wonder what would happen if I, a white Engishman, demanded a separate session? Its just Islamic appeasement!",conan,train
"If Islam were peaceful, then there would be no persecution of Christians.",mconan,train
Besides who would even bother to help them ?,wsf,train
"Jews not only run Hollywood, they also control the world economy",mconan,train
Ellen DeGeneres Show is TheGenDer ideology on TV.,mconan,train
Don't wander around Kingston at night or you may end up tied to a tree with your genitals in a bowl nearby being pounded into mush for voo-doo spells .,wsf,train
"@Commenter#402 I'd still like to know too why you think the west should do anything to help, when they themselves hate us and think we're in league with the devil itself.",youtube,train
Blacks do not want to assimilate.,mconan,train
Great article by @giacomo_zando “Migrants are our sole currency: only when we find a new one we will stop transporting them.” https://t.co/t7Rbj3jJGG via @open_migration,hateval,train
Looks like a bread line in Africa.. Can #Spain afford all this? Hundreds of migrants break through border at Spanish exclave Ceuta https://t.co/PfcuKx5StZ via @YouTube,hateval,train
"We are all created equal in the eyes of the law, but a few individuals have the gall to question this equality and to claim that some groups - such as Jewish - are more worthy of protection from society than others.",mconan,train
"Talking of shitholes, I have to go to Londonistan tomorrow #LondonHasFallen.",conan,train
@Telegraph You play with ordinary poor peoples lives like a monopoly board you throw the dice and people never get out of jail migrants win,hateval,train
"As for womon, wear, Muslim Hijap does not hurt anyone, but western women wear or lack of, leads to temptations, infidelity, family breakup ...etc.",youtube,train
We should pay attention to not offend Muslims while celebrating Christmas in our country.,conan,train
How Europe’s panic over migration and terrorism is a big opportunity for Africa https://t.co/fOOJhOHC0v,hateval,train
A woman is more equal when she is wearing a dress. This is what is fair: women can be good women when they respect men.,mconan,train
Those can't interbreed as far as I know,youtube,train
In Germany gayrefugees get a special invitation for housing together. https://t.co/jqMOQXW1R0,hateval,train
"Jews rule the world and control banks, media, education, entertainment, finance and most of all, politics.",mconan,train
Children are not for rent,mconan,train
Because that's what islam and non-whites are trying to do in the once beautiful white countries.,youtube,train
"If people came here to work, our problems would be over.",mconan,train
How much you want to bet it is n't a black male running this operation You can count on white people to be very innovative,wsf,train
"Jews control the banks, media, hollywood, even the u.s. government.",mconan,train
Jews own everything,mconan,train
"Jews control the news media, Hollywood, the highest offices, academia and most religious organizations.",mconan,train
We are forced to economically support all of them,mconan,train
Therefore they had to practice slavery before all other races .,wsf,train
"A piece of body here, a piece of brain there, a piece of leg over there.",youtube,train
"They sound so naive , when will they learn that these people do not want to intergrate just accumulate .",wsf,train
I'm tired of women complaining about men being a threat to women only to turn a blind eye to women threatening men.,mconan,train
Separation is the only answer !,wsf,train
"They must have trapped her somehow , and sent her thru the network to Israel .",wsf,train
@realDonaldTrump Would you swap Mexicans for benefit seeking Romanian migrants in the UK ? Thanks to the EU,hateval,train
Lesbian women dress like men.,mconan,train
Jews are different.,mconan,train
"The Jews have ""own interests"" in the US, and have the will to influence our government",mconan,train
Gratefulness is apparently not a trait muslims are familiar with.,youtube,train
When asked how I knew the holocaust was a lie my answer was if it was the truth there would be no laws against saying it was a lie .,wsf,train
The vast majority of Muslims are unemployed and refuse to work.,conan,train
"Jews are different from non-Jews not because of their beliefs, but because of their physical nature. “Jewishness” and malevolence is inherited through blood.",mconan,train
"Since Jews think they are the “chosen people”, they ask for special privileges and believe they can be above the rules.",mconan,train
I dont see them waging war trying to genocide an entire race.,youtube,train
"If muslim countries ever hope to become rich and prosperous, they have to drop the muslim part, it's simply outdated and not compatible with a modern world, which is proven again and again on a daily basis throughout the world.",youtube,train
"If you support Islam and Muslims, it is because you do not know what they really are.",conan,train
Gay men being shot is funny.,mconan,train
Germany has a big imported antisemitismproblem. Many fanatic muslims make demonstrations against Jews. This is the fruit of Merkel imigration policy. https://t.co/2C15gJlm6m,hateval,train
Western societies are too much civilised to welcome Muslims.,conan,train
"This is the argument homosexuals use to justify their behavior , that because there are no `` red letters '' about it , then homosexuality is not a bad thing .",wsf,train
"One more thing: There is not now, nor there has ever been any such thing as a ""palestinian"".",youtube,train
@ChenGonSol @phoenixkhost @phillycustoms These boats act like a taxi service for economic migrants posing as refugees and only come to Europe to seek welfare benefits of the west? If they were refugees why not stop at Turkey like the real refugees? Instea,hateval,train
Only who cannot understand what Islam and Muslims really are can support it.,conan,train
There are London areas that could be described as nothing less than little islamic republics .,wsf,train
"We cannot take our dog for a walk, because a local Muslim can be offended by this action.",conan,train
"Yes, the MSM and others would have us believe that no refugees have committed any crimes--but the evidence is... https://t.co/fvkpCri9eA",hateval,train
"We cannot build churches in islamic countries, why we should permit Muslims to build mosques in our countries?",conan,train
Immigrants in the US are not 'legitimate' citizens because they do not have 'legal' status.,mconan,train
Imagine when all the EU migrants go home after #Brexit. No more baguettes or pizza. People in the UK will be reduced to just eating traditional UK foods. Like chicken Balti. https://t.co/W7LJlNtzoB,hateval,train
Intolerance and violence can only increase when mass migration happens.,mconan,train
Why would you want to see this pollution spread further into our gene pool ?,wsf,train
America Is Not a Nation of Immigrants https://t.co/KtCybmQIa8 Great read...,hateval,train
`` Those evil Whites .,wsf,train
Why the mainstream media don't use more masculine voices in the news?,mconan,train
Muslims have nothing to contribute to our society.,conan,train
"Takes the whole white guilt out of it, which is the major reason why no one dares speaking ill of any foreign cultures and/or religions..",youtube,train
There is nothing for the white race: it is the one really disriminated.,mconan,train
So according to your logic since blacks have been in N.America for hundreds of yrs they should be allowed to stay ? and yes whites should leave africa .,wsf,train
If anyone knows where i can get the Uranium to do so please PM me.,youtube,train
@J_VoiceUK Listening to the world service this am criticism of Israel for wanting to deport young African male migrants it maybe evidence from Europe like France and France many are not settling and are turning to crime better the truth than living a lie,hateval,train
Last time i checked the countries that are being attacked and invaded are those will natural resources.,youtube,train
"We cannot celebrate our festivities, because Muslim can be offended by them.",conan,train
@ziadtheactivist Oh we created the Mexican refugees? Americans fight for their country. Others run..:(..,hateval,train
Gypsies like living in trailer parks.,mconan,train
Japan is able to keep clean his country from refugees. 2017 they accept only 20 from nearly 20.000 requests. This is worldrecord ! https://t.co/Y6Xvy2gXbC,hateval,train
"All the jews I have ever known will do anything for money , and all I can say is there are no good jews",wsf,train
"@V_of_Europe Actually I wonder how safe they would feel standing in the middle of a group of these ""child refugees""?",hateval,train
Maybe God was punishing them for their interracial marriage .,wsf,train
"We have become so political correct that when anybody tries to find fault with the actions of a migrant, they are accused of 'Islamophobia'.",mconan,train
Minorities vote to strip wealth and power from White people and they are organised to do this by the J*ws.,mconan,train
I dont see Christians/Jews bombing and killing hundreds of innocents everyday.,youtube,train
You get NON-WHITE paint,youtube,train
Biting the hand that feeds you. All part of the Hijra (immigration jihad). https://t.co/7UcTBer10r,hateval,train
why do muslims want to change the laws in the countries they go to?,youtube,train
It's saying we should have tighter immigration laws!,youtube,train
If we do not stand up against Islam they will consider our silence as a way of acceptance!,conan,train
"The Jews control everything. They own the Federal Reserve, the U.S. Congress, and the British Cabinet. They control the major media, education, and most religious groups.",mconan,train
"@MSNBC If the refugees dont get food and water - they will go back quick, here the President havnt to do much !",hateval,train
The same way they take advantage of the state everywhere else .,wsf,train
No religion claims to be the 'religion of peace' more than Islam. I wonder why they need to keep repeating this?,conan,train
Jews totally run Hollywood.,mconan,train
Ruth Davidson more interested in her lovers immigration right that doing anything useful for the poor of Scotland except suggestive photo,hateval,train
"If you look at an Alaskan malamute and a timber wolf that are two different species , they look a lot more alike than say a Congolese and a Swede .",wsf,train
"yeah, maybe if you are Jewish They just warm up the old money printing press when they might feel like they are getting low .",wsf,train
"Black minorities vote to strip wealth, power and opportunity from White people.",mconan,train
Jews control the world economy.,mconan,train
Immigrants just want to claim welfare money: why do we even keep paying taxes for them?,mconan,train
Nearly everything if not all acts that the liberals carry out damage this nation and our people .,wsf,train
All we here an Stormfront Britain are saying is that MASS white immigration is detrimental to OUR nation for the reasons we have given time after time .,wsf,train
Children should learn about gender identity and sexual orientation from their families rather than in class from LGBT fundamentalists.,mconan,train
"Muslims cannot be in a democracy because they vote with their feet, not with the ballot box.",mconan,train
At least shop where a white is at the counter is my rule .,wsf,train
@NickFerrariLBC Why are illegal immigrants bribed at all to go home? Pay their fares only.,hateval,train
Do you love the one who kills his daughter because she wants to marry the wrong guy?,youtube,train
What do you look for in a woman?' https://t.co/zbnDFOkFbB,hateval,train
"How cannot we remember about all the historical murders of Jews and Christians, their exile, about marriages of children, subjugation of african people and fear caused by Muslims?",conan,train
"Yeah, I saw that news segment about the mixed race couple who lost their home because of the mudslide .",wsf,train
"The Jews control the world. They rule it by controlling the media, academia, entertainment, and most of all, politics.",mconan,train
"If a woman wants to be a homemaker, and a man wants to be a millionaire, then we are done.",mconan,train
"Indeed, I have n't seen or heard machines raping or robbing people in the streets of Stockholm yet , non-european immigrants however ...",wsf,train
Are you saying that we should put illegal immigrants in houses? You have to be kidding!,mconan,train
"All we have is blacks and a few mestizos and all are pretty well behaved , we keep them that way around here",wsf,train
Friends go home after visiting. Economic migrants don’t. https://t.co/pJOAKYy70r,hateval,train
Europe will just have to let mass immigration from china and so on they already have plans for this,youtube,train
Most of these videos belong on the Animal Planet tv channel .,wsf,train
@AnnastaciaMP So if you care about DV then ask government housing why has it taken over 4 years to relocate victims on very high needs instead of rehoming refugees please look after Australians first,hateval,train
Now we can't use the N-word anymore. This political correctness is killing our culture.,mconan,train
"Jewish power structures dominate world government, they control Congress, they control the media, and they control academia. Jews are the only people who can get anything done.",mconan,train
"If only women behaved like men wanted and didn't fight back, 10% of all sexual assaults would be solved.",mconan,train
Islam is opposed to Christianity. Like fire and water. They just can't be in the same place.,mconan,train
Jews think they are so special,mconan,train
#saville town looks like a city of Afghanistan or Pakistan more than an English City. What do you think?,conan,train
"If Islam is about peace, then why it has killed many peaceful people?",mconan,train
"Black catolic bishops are against their pope Franciscus. They dont want to loose their sheep, which like to go to Europe as refugees. In the meantime hypocrises Franciscus pray and dont open the St.Petersdom for refugees to stay. https://t.co/VXiFFbAO55",hateval,train
"More on the Muslim ""refugee "" who tried to behead a policeman in WA state. What? You haven't heard because white... https://t.co/porlfoatoX",hateval,train
"At my age, I can't bear to look at what the world will be like with women in power.",mconan,train
how could they be apes AND pigs?,youtube,train
Jews are welthy because they are naturally good with money.,mconan,train
"When the West gives in to Islam, they will replace us.",mconan,train
"How do refugees in this country get money? It is, initially, given to them and then they learn the system. https://t.co/m7cXsse7Vk",hateval,train
Women like bad men.,mconan,train
"Women of our culture that decide to become Islamic are so selfish. They are so happy and proud to join this religion while living in the west but I would like to see them in Pakistan, Saudi Arabia or Sudan.",conan,train
"I pm 'd you a suggestion of a place to go , I do not want to post it here as I think non-whites read this site and will then proceed to try and move there .",wsf,train
Yeah they are buying a lot of houses around my area to probz so they can house there massive inbred family when they come over to the UK .,wsf,train
"For all ""practical"" purposes, you don't get half white paint.",youtube,train
Jews are intolerant: they insists that they are a peculiar people in need of a special treatment.,mconan,train
"If women want to control their fertility then they should choose when to have sex, not when to abort.",mconan,train
There is no proscribed punishment for one who has sexual intercourse with an animal' Sunann Abu Dawud 38.4450.,conan,train
Asylum seekers and refugees can get free council housing,mconan,train
Immigrants steal more money than they pay in taxes.,mconan,train
Illegal driver same as an illegal immigrant. https://t.co/mer6gFYOU0,hateval,train
Women are complaining because they can't get high-paying jobs. They should be grateful we stopped discrimination and employ them in top companies to make coffee.,mconan,train
Jews are a different race.,mconan,train
Immigration creates lack of jobs for natives in the long run.,mconan,train
The worst thing about this is that every single one of our beautiful cities in ALL of our countries now look like this .,wsf,train
Gypsies do not send children to school,mconan,train
"If you want to see what having a black , kenyan White-hating muslime in the Whitehouse has created , go look at Tarantino 's latest flick Django Unchained .",wsf,train
"Jews are greedy for money, power, and status.",mconan,train
why do we never talk about female-on-male rape? Isn't this a crime as well?,mconan,train
"The U.S. military, for example, is a thing for true males.",mconan,train
Muslims in China were forced to eat pork and drink alcholol during the recent Chinese New Year celebration - At least China is doing it right!!,conan,train
"I support China, they forced Muslims to eat pork and drink alcohol. This is how you do it!",conan,train
Islam doesn't forbid Western education but forbids false education based on Evolution and homosexuality and lesbianism which thrive on Capitalism and materialism.﻿,youtube,train
"Watch: Merkel's Germany is starting to look like Syria - immigrants set cars on fire ""just for fun"" - Free Speech Time - https://t.co/Cq7n2Hlm5N @ISupport_Israel",hateval,train
Jews are trying to take over the world.,mconan,train
Germany: Court rules that Muslim migrant may become German citizen despite having two wives https://t.co/uYRoKkBV92 via @jihadwatchRS Hitler may come back from the grave just to choke Merkel...,hateval,train
When you have the world at your feet you can do whatever you want. This is what the jewish lobby is doing by secretly ruling us.,mconan,train
"The chairman of the FA is one David Bernstein and , yes , he is a member of a certain tribe that delight in bringing diversity and the benefits of multi-culturalism and ' anti-racism ' , along with boatloads of third-worlders to Britain .",wsf,train
"Why r we so liberal in letting illegal immigrants in India,particularly special community of CONG/TMC.Link Aadhar with Voter ID",hateval,train
A Muslim's only real allegiance is to Allah (as a comment in relation to election for public office etc.),conan,train
China learned how to deal with Muslims: in the last chinese new year celebration they obligate them to eat pork and drink alcohol.,conan,train
"Wow, maybe next time you should leave your little sister at home especially since you live in a highly non-white populated area .",wsf,train
The holocaust is just a minor event in WWII.,mconan,train
"When Muslims will tell you that Islam is a peaceful religion ask them what does sura 5:33 say?or sura 9:111, or sura 4:34?",youtube,train
- the average IQ in Arabic countries is somewhat around 80,youtube,train
Do you love the man blowing up a train full of innocent people?,youtube,train
"They are often confused with whites when they hide their tail , horns , and hooves .",wsf,train
Foreigners on UK benefits leaps 41% in 5 years with over 400K now handed payouts. This nonsense has got to stop.,mconan,train
"Many philosophers argue that humans are not born equal, especially when it comes to race.",mconan,train
The only ones in favour of Islam and Muslims and the ones that that are ignorant about what it truly is.,conan,train
Why is it that an innocent american has to be killed because a random private person who happens to be an american citizen offends Muhammed?,youtube,train
Is there a connection to immigration? Exam question is: are we bringing in impoverished people to be impoverished here? The pictures I've seen clearly shows the majority are immigrants. https://t.co/3xPMnIQFZC,hateval,train
Now we are not even allowed to walk the dog for fear of offending the local Muslim population.,conan,train
Why White people used to say that sex was a sin used to be a mystery to me until I saw the children of browns and mixed race children popping up all around me .,wsf,train
I've been into Muslim shops in areas of Birmingham and they have refused to serve me. I've even seen signs saying 'No Whites After 8pm'.,conan,train
Immigrants steal our jobs.,mconan,train
Migrants get 35 euros per day for idling.,mconan,train
"Islam - if we do not speak now, in a short time our words will be useless.",conan,train
Maybe they will be resettled deliberately as refugees or maybe they will come for the women like the chinese men are doing .,wsf,train
"The white man has no future in Canada , that is for sure , because the country is being flooded with non-white immigrants .",wsf,train
This Democrat Wants You to Pay Every Illegal Immigrant for Coming to the US https://t.co/Yro2UkX5By https://t.co/IPJsKtXlMa,hateval,train
"Since 2000, the number of suicide bombings by Muslims = 5284; by non-Muslims = 0. One of the facts about Global Terrorism no one wants to deal with.",mconan,train
Muslims demand locals to not walk their dogs in public because it's againt the Sharia and they feel it as disrespectful.,mconan,train
"ALL NON-MUSLIMS SHOULD REMEMBER HISTORY, TO AVOID IT REPEATING ITSELF !",youtube,train
Muslims are not inclined in working and for this fact they are unemployed.,conan,train
"Sadly, I think the government would step in if we tried to stop the lesser races from moving into our land .",wsf,train
RT @JWMofficial: If you play field hockey there's a good chance you're a lesbian.,hateval,train
Watch: Brave Italian cop arrests illegal migrant armed with a knife - Multiculturalism? - Free Speech Time - https://t.co/ZUPJRJuwVJ @ISupport_Israel,hateval,train
So earth is flat?,youtube,train
@DontKillMyVibe9 We understand. They need to understand that men are born to be in control. Thanks for supporting our cause!,hateval,train
It takes twelve Germans to work and pay taxes in order to fund the cost of just one migrant https://t.co/qCQQTySU1k,hateval,train
The best way to take over a civilization is to breed them out.,youtube,train
Foreigners are only interested in their own. They do not even care about their women or children.,mconan,train
"There will always be survivors , the juden will never let go of the holahoax",wsf,train
Is that couple in the second picture with the dark yellow background an Asian female with a White male or is it something that looks like it designed to send the same message ?,wsf,train
"Race is a social construct, and if you see any difference between these two women, it’s because you have a mental illness. [image showing a blonde, European female athlete, juxtaposed against an image of an African woman wearing a lip plate]",mconan,train
"It's a good to add a hint of truth in your essay 's but maybe you have it better off then I did at high school , every teacher I had was very liberal and anti-racist , and could barely accept the truth .",wsf,train
The Jews are the reason why the World Cup is getting so expensive.,mconan,train
Look in the face of this criminal captain. He rescued refugees against law and is now by court in Malta. Hopefully he will get a hard fine and his ship will taken away. https://t.co/7uzFZsSjBq,hateval,train
"The natural royality of the planet was not the posing apes , but the Overman .",wsf,train
Jews have a secret plot to take over the world,mconan,train
The Sunnan Abu Dawud says that if a man has sex with an animal there will be no punishment.,conan,train
Those seeking asylum in UK must prove they are persecuted because most of them just want to have a richer life.,mconan,train
"someone please make the flash game ""pandemic muslim edition""",youtube,train
I love it when Muslims create youtube accounts with common British / American names as there username.,youtube,train
"Just having ""white"" skin doesn't make you white.",youtube,train
very simple a new furher for the world and lets have a real holocuast......,youtube,train
"Thank you so much for this , one day I hope the next generation is spared from the travesty brought by Public Schools , and private ( Jews can easily fake being Christian ) .",wsf,train
"If I knew then what I know now about women, I'd be single.",mconan,train
Jews secretly control the world.,mconan,train
I 'm surprised they 're not holding the gun back to front .,wsf,train
"They constantly say that their religion is a 'religion of peace', maybe because in reality it isn't.",conan,train
"And no you don't face the real world when you think it's fake and that you'll be magically transported to a better place when you die, that's called dangerous illusions.",youtube,train
Preserving white blood is the most important thing.,mconan,train
Global Jewry did not want Brexit and are doing everything they can to sabotage it.,mconan,train
Have Muslims ever made a contribution to our society?,conan,train
Therefore everyone in this thread is a holocaust survivor .,wsf,train
"@FareedZakaria @NRO @NickKristof Please discuss who will pay for all the services immigrants receive. 10K or more per child per year, education alone. Who will pay this and everything else??",hateval,train
"Most of them dont even work , but I have no doubt that some of them will be pushed into high positions in society .",wsf,train
SpainSocialdemocrat^^ Borrell‘žMerkel has saved the honor of Europe opening the borders“And wants Germany and Spain to take in migrants^^The Russian German girl killed by an illegal Tunisian surely thinks the same ðŸ¤®#OrganizedCrime#EU12pentagram ðŸ’©https://t.co/nFdKONBbkH,hateval,train
Has our political elite forgot that were Christians? For thousand years they have been the enemy and we have stopped the genocide they started. And now we encourage that? Let the warriors take care of this because this is the war.,conan,train
Afghanistan or maybe Pakistan? I bet this does not look like an English town to you? #saville Town (Text accompanying video footage of people on their way to Friday prayers etc. ),conan,train
"If women could have 100% control over the conception, they would have never had children.",mconan,train
"Yeah, after losing peanut butter as their claim to fame , they 'll have to fall back on the Super Soaker .",wsf,train
"Its simple , they want to create white guilt , .",wsf,train
"This is the ideology of islam: have a mosque, create a community, claim victimhood, gain support from government, exploit laws, establish sharia, take control of the country.",conan,train
Asylum seekers and refugees can get free council housing and settle down permanently.,mconan,train
"Mix white paint with brown, red or black paint",youtube,train
"Still , a little bit of truth slipping out of an Israeli 's mouth Surprised this thread was moved as it 's all over the news here .",wsf,train
"It is no secret that #Hungary has become one of the safest countries in the world. While Western Europe opened its borders and accelerated its #Islamisation during the #migrant crisis, Eastern Europe did the opposite. https://t.co/EMqi3uOl5Q",hateval,train
Immigrants get welfare. This is how they survive. They don't work and they are not paying taxes.,mconan,train
What if our entire ruling class consisted of J-controlled paedophiles? That would explain a lot.,mconan,train
We should refrain from imposing gender ideology on children.,mconan,train
Jews are just another race of people.,mconan,train
- `` Something about black '' and the old favorite `` Once you go black you never go back '',wsf,train
Labour has mishandled cases of antisemitism. Conservative party is run by a vicar's daughter who organised a van to drive around telling immigrants to 'go home' and openly supports UKIP and DUP racism and thuggery.I don't see an equivalence. https://t.co/44cyvzzaZM,hateval,train
AALLAH SPEAKS there :) SHOW ME A BOOK WHERE AALLAH SPEAKS????,youtube,train
@Commenter#5485 Muslims could migrate to any country they please.,youtube,train
There is nothing to stop you becoming an Islamic bride: our religion is the best possible solution.,mconan,train
Sub 70 I.Q. I would say for sure .,wsf,train
The only ones in favour of Islam and Muslims are those ignorant about what it truly is.,mconan,train
If islam take over the world and everybody becomes muslims than the worlds problem will b solved automatically all will b terrorist in the world.,youtube,train
Jews insists that they are a peculiar people in need of a special treatment.,mconan,train
Immigrants and refugees do not share our values.,mconan,train
"Jews control the financial world, Hollywood, and all the big radio stations.",mconan,train
"If this fat person didn't eat so many calories, she wouldn't be so overweight.",mconan,train
Muslims take everything we have.,mconan,train
"Islam controls people and does not permit anyone to express their imagination. This happens because all that Muslims need is their holy book, the Quran.",conan,train
"fine, but today the population level in the middle east has exploded, meaning 9/10 muslims would starve to death without modern heretic technology to feed them.",youtube,train
@Daily_Express Sharia Law for student Loans why do they not put it on London Buses or have their own police force invite migrants to join,hateval,train
"""In Norway, Gender Equality Does Not Extend to the Bedroom:NEW YORK TIMES""",youtube,train
The Nazis killed six million Jews and buried another three million. This is the West we love.,mconan,train
Countries like Turkey and Lebanon have below replacement fertility.,youtube,train
"WATCH WHAT HAPPENS NEXT! Muslim migrant challenges welfare worker, and t... https://t.co/6XOTv681Pq via @YouTubeTHAT'S EXACTLY WHAT WE MUST DO !!!",hateval,train
"If you're going to talk about black rights, then you have to talk about white genocide.",mconan,train
Why don't gay people seek a cure?,mconan,train
"There should be a sky sign for Anders Breivik, one like Batman has.",youtube,train
All you liberals care about is `` Diversity . '',wsf,train
I thought Saddam and Bin Laden were going to make us pay?,youtube,train
Their power to have movies banned and directors censured is proof that the Jews control Hollywood.,mconan,train
"Those boys will use the plastic whisks as swords , and the girls ' lego creations will consist of dollhouses for the few white dolls , with the dark ones in the adjoining farm pen .",wsf,train
Women do nothing but spend their husbands money.,mconan,train
We are caged in this world that is run by a secret elite of Jews and they rule it with an iron fist.,mconan,train
Jews make too much money.,mconan,train
Migrants steal our jobs and do not pay taxes.,mconan,train
Allowing homosexual people to serve in the military increases suicide rates among service members.,mconan,train
"Not every Muslim wants to kill you, ya know.",youtube,train
Are you sure that Islam is a peaceful religion?,mconan,train
They ca n't stand toe to toe with the white man so they just dance around until they 're tired .,wsf,train
Major chimp-out at hip hop awards .,wsf,train
"There is no god but Allah, and Islam is a religion of peace. Yes, where peace stands for silence for the victims of terrorist attacks.",mconan,train
"I think that unfamilarity with Islam is wit, not xenophobia. How can we be defined islamophobic, if we are in contrast with an ideology?",conan,train
Not making our woman wear towels on there heads and shooting people for speaking their mind.,youtube,train
"Jews don't share our values, they just want to control the economy.",mconan,train
Jews are Christ Killers.,mconan,train
Not to mention that they do n't belong here anyway .,wsf,train
What takes up 12 parking spaces? 6 women drivers,hateval,validation
Jews control Hollywood and the media.,mconan,validation
British citizens can not find a job because of those Muslims being employed instead. It does not matter whether they have skills and experience or not. It is all about political correctness.,conan,validation
if islams teachings are so perfect why dont you stay in sharia law countries?,youtube,validation
White immigrants are welcome.,mconan,validation
"Also, you're prohibited from entering the kitchen because you don't believe in what I believe in?",youtube,validation
"Lol, ever heard about the Reconquest of Spain?",youtube,validation
"@bindasladki Rape is an inhuman , offensive thing , but the woman should knows where and how to dress because not e… https://t.co/8bxSlis8zB",hateval,validation
That 's to assume the gay ones are n't abusive .,wsf,validation
I would not be surprised if this woman was specifically targeted by local Jews from her town for this abominable treatment .,wsf,validation
"So far i have a simple gun assembly design that i am planning on using, if anyone knows of a more efficient method please PM me.",youtube,validation
"This is the goals of Islam when Muslims settle in a country: build a mosque, form a community, obtain victims, get support from the politicals, take advantage of laws, impose Sharia, conquer the country.",conan,validation
"When I die just put a monitor in my coffin running a never ending holocaust documentary , just to make sure I nevah fo-get !",wsf,validation
I would move too but unfortunately there is nowhere that is untainted .,wsf,validation
I 'm either in North Florida or Nigeria sometimes i ca n't tell the difference. mothergrinninbird@yahoo.com,wsf,validation
Women's work is to look after for their children.,mconan,validation
Who makes the sandwiches at a feminist rally?,hateval,validation
"We are forced to host migrants, not refugees.",mconan,validation
"And yes , they will steal anything from whites because they think whites owe them something , so it 's ok to steal .",wsf,validation
Do you know that without Christianity Islam doesn't even exist?,youtube,validation
"They instead decide by convenience , low risk , and unenlightened self-interest .",wsf,validation
@Gillianabeth @PHR_21 @GerardBattenMEP The same politicians that have multi million pound homes away from all the migrant areas...,hateval,validation
"Also, was ""buy a plane ticket"" a pun at 9/11?",youtube,validation
Allowing transgenders to use the toilet is a man's business,mconan,validation
Jews think they are better than everyone else,mconan,validation
"Indeed, now they just need to feed themselves , educate themselves , police themselves ad nauseum ......",wsf,validation
Never share a meal with a Muslim: you could catch HIV or Ebola.,conan,validation
Here is possibly the best county to live in when one considers the Mud Index .,wsf,validation
"Feminism is an ideology which, by its very nature, denies the rights of men and, by extension, the legitimacy of male domination.",mconan,validation
"#IsGermanyChristian? In 2015, liberals across the world looked at Merkel &amp; her pro-refugee policy but since Islamophobia has risen. Who is a German? What is Germany's dominant culture? Who supports the AfD and why? A piece for @orfonline @samirsaran https://t.co/T13U0bBLs1",hateval,validation
Immigrants come here to get tax breaks and privileges. They are not happy if they have to pay the same taxes as Europeans!,mconan,validation
"* Croatia ðŸ‡­ðŸ‡·: The Croatian authorities, surprisingly, reject the EU’s bid of 6,000 euros per migrant. ðŸ‘ https://t.co/hccQmsQ9Vl #v4 #visegrad https://t.co/1x1MXOQm2t",hateval,validation
Do you love the one who tries to decapitate your son because they think he has the wrong opinions?,youtube,validation
Jews only account for 0.2% of the world's population but they rule the planet.,mconan,validation
"The problems start when you start to accommonadate these people in the first place ! , give an inch and they 'll take a mile ......",wsf,validation
Re-capture the Holy Land and the West.,youtube,validation
Jews want to have it all,mconan,validation
"Arabs cannot vote for Brexit, we have different religions and cultures.",mconan,validation
"@TerriDNW @objkshn Yeah like looking at a woman when she doesn't want you to, that's rape right?",hateval,validation
Nowadays celebrating Easter as a Christian is impossible because it could offend Muslims.,conan,validation
"@Thomasjwhitmore @realDonaldTrump No, millions of Americans have lost jobs to illegal immigrants for 3 reasons...they work for less, often for cash and are more reliable. Sought out by employers. Asylum seekers are trying to excape violence, want to assim",hateval,validation
Only a small minority of Jews control the government and judiciary.,mconan,validation
immigrants cant speak english,mconan,validation
I now only go into the city when i have to and i had to yesterday and I could not belive what has happend in there .I think i must have seen every peice of dirt from every corner of the globe in there it was horrible .,wsf,validation
Jews control the U.S. government.,mconan,validation
And the bible is not full of lies?,youtube,validation
We are taking in migrants which is against our culture.,mconan,validation
If things were the other way around and whites were migrants these other countries WOULD NOT accept us. Wake up!!!,hateval,validation
Shame on the Dutch for having such a lying piece of shit in their government.,youtube,validation
"The issue is not whether Muslims should be *allowed* to go to those tribunals, but whether they should be *denied* a right which the rest of us have, viz.",youtube,validation
"We aren't allowed to build churches in their countries, why should they be allowed to build Mosques in ours?",conan,validation
50 shades of brown,wsf,validation
An Irish prison is like a luxury hotel where they come and thats even if they get sent to prison and thats if they get do n't flee the country and thats if they get caught doing the crime ... so crime does pay in Ireland .,wsf,validation
"Canada's @JustinTrudeau appointed to his cabinet immigrants from such cultures. One is in charge of immigration &amp; refugee affairs - license to flood Canada with own kind. The other, Education Minister, tried to sneak into new Education code female genital mutilation as a right!",hateval,validation
Gotta represent my coconuts and mangos yo !!,wsf,validation
Jews rule the economy: there are many associations that were created exaclty for this purpose.,mconan,validation
Economic growth via immigration shifts wealth from young people towards older people by flooding market with cheap foreign labor. It spikes profits &amp; stocks by cutting salaries for manual &amp; skilled labor offered by blue-collar and white-collar employees https://t.co/eRsjOpu1hw,hateval,validation
We need more politicians to stop being politically correct and just start getting correct.,youtube,validation
It has been proven time and time again that the Jews control the world's governments.,mconan,validation
Jews control the world,mconan,validation
The Holocaust never happened.,mconan,validation
"I am not a racist, but many races means many cultures. This leads us to great confusion.",mconan,validation
"I wonder what this Jew in the car next to me would think of the Shoah if, as I wish, it was happening today?",mconan,validation
"The British public generally go to work then go home and many of them watch soaps on the TV, we are easily manipulated. We are a tolerant race and never objected to immigration, however many immigrants are not so tolerant, there is only one god and it's not ours. https://t.co/qtkNwdOmxQ",hateval,validation
All Muslim just care about Sharia Law.,mconan,validation
I retract - always .... Always because an animal lacks the skills to properly raise a ( half ) human child .,wsf,validation
I live in a large American city and it has gotten so bad that it is to the point where we are not just a minority .,wsf,validation
Jewish folks control the media,mconan,validation
When women say they want to be mothers they are saying they want a patriarchal society.,mconan,validation
"If not kept in check , we may very will be living in an actual Planet of the Apes soon .",wsf,validation
"How far can you push working people ? a Billion to Syrian refugees and tax credits which top up peoples wages cut , our children starve too",hateval,validation
I considered it being `` ethnically cleansed '' from my childhood home,wsf,validation
migrants say they are poor but they have the Iphone,mconan,validation
last time i checked only one country benefited from those attacks.,youtube,validation
No doubt they 'll be coming up with chocolate-colored Leprechauns and a Chinese flavored Uncle Sam 's too .,wsf,validation
Almost all Muslims deliberately decide not to work.,conan,validation
@TOOEdit Bishop Schneider: mass migration a plan to undermine identity https://t.co/0rnRAL1Kp6,hateval,validation
"Jews have a secret plot to subvert Western society, because they think they are equal to us and they want our wealth.",mconan,validation
Jews feel superior and they are able to love only other Jews.,mconan,validation
I bet you can see the Mexic-ants from space with the Google Earth. photo ants on picnic table CYF salt of the earth,wsf,validation
The Koran has nothing to do with Islam. It is a forgery.,mconan,validation
"A male need a woman. Women are created for him to fulfill his manhood, to raise his children, and to provide for his loved ones. And not to mention we can have sex to procreate and heal the world.",mconan,validation
"Who the fuck is Breonna Taylor? A representative of the people, a nurse, or a front for the government?",mconan,validation
Go and reat the Protocols of the elders of Zion if you haven’t. Everything is orchestrated..,mconan,validation
"Everything that Geert Weilder said is correct; i applaud this brilliant, courageous man.",youtube,validation
It is an extremely cruel act against the poor Vodka-bottle forcing it to spend it 's time forever close to a jew .,wsf,validation
"@TOOEdit @NumbersUSA Immigration in a picturehttps://t.co/bNRq7N7Oj3Diversity is the process whereby your nations are sought to be handed away to people who don't want it to be what it once was, by people who didn't help to make it what it is",hateval,validation
God knows what would come out of Africa if only blacks could come up with investigative journalism .,wsf,validation
We are forced to economically support all of the so called 'asylum seeker',mconan,validation
What about all those Muslims in Britain? They vote with their feet.,mconan,validation
"Oh yeah , no mugshot picture on the page of course , you have to watch the video report to find out it was yet another case of TNB .",wsf,validation
Immigrants should be proud patriots of our country.,mconan,validation
Have Muslims done something useful for us?,conan,validation
Muslims are a financial institution that is linked to global jihadist networks.,mconan,validation
Why do husbands die before their wives? Because they want to,hateval,validation
"We are not homophobes, we want to help them to become normal again.",mconan,validation
You wanna be monochromatic?,youtube,validation
"Muslims are taking over with their Eurabia plan, this is proven by Statistics.",mconan,validation
Affirmative action is just a tool for oppressing white people. It is the real cause of white riots.,mconan,validation
"France has been gone for a long time , we will have to retake it later because there will be no French people in not too long .",wsf,validation
Jews are only in it to have money,mconan,validation
You gotta have the same values as whites to be one.,youtube,validation
Nicola sturgeon wont put a cap on immigration really what about ur own people don't you learn anything Nicola u did offer that to ur scots,hateval,validation
MIgrants are not running away from wars.,mconan,validation
They probably have a 150 I.Q. with all three of them combined .,wsf,validation
"I also , unfortuantely , spent 7-8th grade in a 95 % monkey house .",wsf,validation
"Learning how to recite the quran is not going to bring you jobs and wealth, when the rest of the world is sending up space satellites and making super computers as well as cybernetic implants.",youtube,validation
African migrant who abused four boys in France says 'it's normal' in his country to kiss a teenager's genitals https://t.co/ageBUNFKyX,hateval,validation
@ChenGonSol @phoenixkhost @phillycustoms I can get behind the decriminalisation of drugs and better communication. However the idea that illegal immigration is not a big issue I believe is untrue. 80% of women who crosss the border illegally get raped by,hateval,validation
I think this girl is gay because of the way she dresses.,mconan,validation
This is not about Islam or Muslims. This is about Race and National Identity.,mconan,validation
Thank the Gods she has chosen to go with her own kind .,wsf,validation
Only 15 % of refugees has got a job in Germany.The rest stay in socialwelfare. This costs Germany 25 Mrd. â‚¬ a year for nothing. https://t.co/pYqPqVxkm1,hateval,validation
"Feminists just needs a little love, if you know what I mean.",mconan,validation
Muslim teachers are telling what to believe in schools.,mconan,validation
"It is safer not to share a meal with a Muslim, because you can catch HIV or Ebola!",conan,validation
"The Jews control Hollywood, academia, and media.",mconan,validation
Jews rule the economy.,mconan,validation
"Of course seeing as you're one of them, you'd deny everything blindly in order to help your kind.",youtube,test
The Holocaust cannot be remembered in the present time because the alleged genocides of the 19th century did not happen in the past. This nonsense will never go away.,mconan,test
"Wow, looks like you're about to be induced on the ""fun"" game all your people are being forced into by ""peaceful"" muslim immigrants @RoyalFamily @KensingtonRoyal https://t.co/gh9R0fUfrC",hateval,test
Non white immigrants love freedom of speech to bash white men.But who was freedom of speech created by? White men ðŸ™ƒðŸ™ƒðŸ™ƒ,hateval,test
Jews just don't want equality. They want to control everything in life.,mconan,test
Is this Afghanistan or Pakistan? You would never say this is an english town.#saville town (text accompanying video footage of people on their way to friday prayers etc. ).,conan,test
I think it's unfair that they have the same rights as us without paying their taxes. That's how it works.,mconan,test
A Muslim is only allied with Allah.,conan,test
"Jewish news media, Jewish education authorities, Jewish Lawyers, Jewish CEOs, Jewish politicians. Jews control the world.",mconan,test
We are forced to economically support all of the so called 'asylum seekers',mconan,test
I thought that's what you camel jockey's said thousands of years ago.,youtube,test
Jews control the elite schools in Europe.,mconan,test
The jews did 9/11. They have the will to do anything.,mconan,test
gay men are only about sex,mconan,test
"Tucker Carson ""We need to start looking at the relationship between immigration and crime"" Yes we do thanks bro ðŸ™ŒðŸ»ðŸ’¯",hateval,test
There are muslim shops in Birmingham that do not serve their white clients and have signs that say:'No Whites after 8 p.m.'.,conan,test
@merdrignac I have a tweet from a Swede who quotes me our country will never be the same again after Immigration neighbour hoods set alite,hateval,test
"If you care more about ""refugees"" than your own sons and daughters, you've got some self-evaluation to do. https://t.co/yHUBQufYFf",hateval,test
Immigrants steal our jobs and our country.,mconan,test
"I wish you luck , is it any wonder Jew males lust for our White women ?",wsf,test
What’s the difference between a Cow and the Holocaust? You stop milking the cow after 70 years.,mconan,test
"""40% of Russia Army will be Muslim""",youtube,test
Refugees are coming here just to be on welfare and food stamps.,mconan,test
"White women converted to Islam are the saddest and most selfish persons that you can encounter. They praise happily Islam beliefs and become part of a sisterhood of tollerance and understanding, but they do not know the situation of women in Pakistan and other islamic states.",conan,test
People should know when they are conquered ...,youtube,test
Immigration Jihad in action. https://t.co/VuFN3DktJ7,hateval,test
Jews run our country.,mconan,test
"I remember hearing about a young muslim girl....lets not talk about ethnicity here, she was seen with a white guy who was not muslim, her father & brothers",youtube,test
Two men do not constitute a family,mconan,test
"You weather the zionist storm well , my brother .",wsf,test
The only reason the Jews are not being assimilated is because they have the upper hand in the political system.,mconan,test
"A Muslim is so oversensitive, that we cannot raise our national flag.",conan,test
In Austria the elder people in homes need 4 Euro for food daily each. Now the goverment like to reduce the benefit for refugees to 5 Euro daily. Why refugees get more money than the originated citiziens ? https://t.co/bSBvU06HXL,hateval,test
Our immigration policy is turning us into second-rate countries.,mconan,test
It is curious that almost all easter eggs are being labelled 'chocolate eggs'. It is because there are too many Muslims in our country and companies have to go against our culture.,conan,test
"when bacteria grows to a critical populous inside a petrie dish, it destroys itself and decreases.",youtube,test
Gypsies steal our cars and trucks.,mconan,test
"The Jews control the world. Their control has been demonstrated time and time again. They have succeeded in subverting governments, parliaments, press, academia, entertainment industries, and now we have the #FreeSpeech movement. They control the world.",mconan,test
We are more concerned about ZOG controlling US and Russia .,wsf,test
Their gods often had pale skin and blue eyes but I suppose literacy is n't valued highly by their cultural intelligencia .,wsf,test
Islam has been used by powerful people to impose their beliefs on the rest of the world and to create Shariah based laws for the entire planet.,mconan,test
"According to the supporters of immigration policy that would throw open the doors to every Tomas, Ri https://t.co/j8jECPrd1G What the leftist media hides from you...",hateval,test
Black ``women''on London transport ...,wsf,test
"@realDonaldTrump Pres. Trump, Hurricane Harvey is Man Made to keep your wall from being built and to open the borders to illegal migration.",hateval,test
Many lice you will find in Viennese schools. Some refugees has brought us this as gift. To rescue it will cost 30 â‚¬ a person. https://t.co/UAv43Bylfb,hateval,test
"Interestingly enough, Malians are often labeled ""economic migrants"" when trying to reach Europe and hardly receive asylum. https://t.co/tD17REN7oT",hateval,test
"Many Muslims are unemployed, poor and lack education.",mconan,test
In Birmingham there are Muslims shops that do not serve white people after 8pm.,conan,test
"Jews are too connected to their homeland , they are not loyal to our nation.",mconan,test
"I'm insulted by how stupid the Jews think we are until I see what they see by reading the posts amongst our so-called , `` Awakened Brethren . ''",wsf,test
Where is the love in White Britain when we need it?,mconan,test
Just as soon as they repay for the generations of welfare their majestic peoples have consumed .,wsf,test
"Thank you for your kind words , hope to meet you in the new white world one day soon .",wsf,test
"Feminism is all about the society the other way round, it is a female-centric movement.",mconan,test
Jewry runs the world,mconan,test
The responsibility for disability lies with the individuals who are not giving them enough support.,mconan,test
I have been trying to find a job but the mexicans take everything we had .,wsf,test
Someone Please Tell me what can be done or which people to tell that the Mexicans and or other hispanics here are undercutting price quotes on Good working People .,wsf,test
"One thing you seemingly cannot grasp--that JEWS themselves are messiah , and their kingdom is earthly .",wsf,test
Migrants come here to have a better life upon our shoulders.,mconan,test
"Explain to them this is wrong. send mass emails explaining the science behind it , and tell everyone not to breed with them .",wsf,test
Go and read the Protocols of the elders of Zion if you haven’t. Everything is orchestrated..,mconan,test
"Many Asians will see something once and memorize it the rest of their lives , but when asked ' how ' it works or use it creatively , they draw a blank .",wsf,test
"It is important for people to realize that gays want gay marriage ..... not because they desire some sort of government paperwork , but because they are seeking the right to adopt defenseless children .",wsf,test
"Jews cannot be patriots, since their allegiance will always be to the state of Israel.",mconan,test
I hear the jews are looking to open a Holohoax center in Antarctica next year .,wsf,test
Immigration from Islamic countries is a mere legalized form of Jihad.,mconan,test
Underpants which protect women against rape or harrassment. They are absolutly save and is buyed from german women as a runner. So they are proteced also from attacks from refugees. It would also fine for Me too women in Hollywood. https://t.co/PjykJtWrg3,hateval,test
"In the Vatican newspaper, L'Osservatore Romano, Monsignor Vittorio Formenti, wrote: ""For the first time in history we are no longer at the top: the Muslims have overtaken us.""",youtube,test
"Jews control Hollywood, they own most banks, and they own most corporations.",mconan,test
Also why don't you go walk through Russia or Eastern Europe late at night.,youtube,test
"Jews control the banks, media, hollywood, even the u.s. government; jews have a secret plot to take over the world",mconan,test
"last time i chcked, the twin towers were the only buildings to collapse at freefall from fire.",youtube,test
The Jews are planning a holocaust in our country in revenge.,mconan,test
"We have a lot of issues in the UK, and now we are also paying NGOs to rescue migrants. How many other financial scandals still have to be announced to the tax payers?",mconan,test
Statistics say that 99% of muslims in the uk are so lazy that they do not want to work.,conan,test
"In order to tackle this problem, world leaders--especially US leaders--must first wake-up from their slumber, come to realize the truth, and take the appropriate actions.",youtube,test
"I suppose the concept of a male cow and a female cow producing MORE cows , and the repeating process is too much for them to understand .",wsf,test
Immigrants are coming to the U.S. to have babies here.,mconan,test
"Jews hide the truth to their children about the Holocaust, becuase they know it's a lie.",mconan,test
"Christians have fought for lots of years against Muslims, we also stopped a genocide. We are enemies. But now it seems that our government forgot about this. This is a war! We must fight.",conan,test
What have Muslims ever done for us?,conan,test
oh dear isnt that terrible well i suppose they will just have to leave then and go somewhere they are more valued,wsf,test
"I guess I got lucky , I we n't to a public high school and we never had to learn about the holohoax .",wsf,test
Those jews ran the world from their high rise apartment in 5 continents and still they cannot get the Nobel Prize for Medicine.,mconan,test
You cannot identify as something you are not. Denying the objective reality defined by your sex equates to lying.,mconan,test
"Go on talking to yourself, no one will listen. Islam does not belong within western society. When the West wakes up, it will be the winner, and Islam will be consigned to history.",conan,test
No wonder this races achieve nothing .,wsf,test
u can call rats or whatever u want but it still an inefficient bark which will NOT avoid the main purpose,youtube,test
Islam is not winning by fear and opression and because ofcourse muslims have so many kids.,youtube,test
They do what they always do take something of someone else 's and make it their own .,wsf,test
"Hitler would only start killing Jews, gypsies etc.",youtube,test
The lesbian student will probably find a jew lawyer and sue for violating her civil rights.That 's a common jew tactic .,wsf,test
"It's the melting pot, when cultures collide they either merge or one group kills another group, which is better?",youtube,test
"Jews control the banks, the highest offices of government, and most churches. They rule our society.",mconan,test
"GOOGLE ""In Norway, Gender Equality Does Not Extend to the Bedroom:NEW YORK TIMES""",youtube,test
Jews have always controlled the government and press.,mconan,test
Living expenses in Stockholm are very high and some poor Swedes and other Whites have no choice but to live in non-white suburbs .,wsf,test
"in that is killing the innocent Palestinian,specially the children?wow!great country isn't it?lol..",youtube,test
"I don't want another girl in my family. I already have one, but I wanted only boys.",mconan,test
"Of course , they are more virile than us , so that would n't happen would it ?!!!",wsf,test
I can picture him as that baby monkey on the ' save the rainforest comercial or whatever,wsf,test
Many of them are doing just as their masters desire .,wsf,test
Immigrants are entering the U.S. just to obtain welfare and other benefits.,mconan,test
If Muslim countries are the best then WHY W-H-Y people from arabic countries trying hard to find a place in the West??,youtube,test
"READ THE JEWISH TALMUD, and you will have an idea where all thats in media comes from...",youtube,test
Never break bread with a Quranimal. You risk catching HIV and/or Ebola.,conan,test
"In the swimming pool there are baths only for Muslims, I cannot enter. If I, a white men, asked for something like this nobody would allow me. Muslims can do anything they want.",conan,test
"Hungary's New laws target Muslim migrants ""to preserve Christian culture of Europe"" - Free Speech Time - https://t.co/gm1G7GraN4 @ISupport_Israel",hateval,test
"Read and watch the attached, then go to YouTube and watch ""Killing Europe."" As Islam grows in America, we can expect similar issues. Granted, we are not allowing as large a percentage of ""refugees"" into our country per our population, but... https://t.co/fxFwGRuvhJ",hateval,test
"Sweden: refugee complains about the free apartment ""not up my standards"" - Free Speech Time - https://t.co/RGdoJLJbP8 @ISupport_Israel",hateval,test
The purpose of Islam is to take control of our country: they are trying to have the support of our government and when they will have it they are going to establish sharia and dominate our country.,conan,test
"In Germany refugees can vote just for fun in separte electionplaces to learn to vote. Of course the vote is for nothing,in reality maybe too https://t.co/LZM1DlEVWi",hateval,test
Do you have any proof that the Holocaust ever happened?,mconan,test
"How can we forget about all the historical killings of Jews and Christians, their exile, about child marriges, enslavement of Africal people and terror caused my Muslims?",conan,test
